1,"title: ""รัฐธรรมนูญใหม่ทั้งฉบับ"",","id: 1,",4,"collections: [PolicyCategory/1,PolicyTopList/76,PolicyCategory/2]",รัฐธรรมนูญใหม่ทั้งฉบับ,1,keyword ➡️,การศึกษา,
2,"title: ""แก้รัฐธรรมนูญ รื้อกลไกสืบทอดอำนาจ"",","id: 2,",16,"collections: [PolicyCategory/1,PolicyCategory/2]",แก้รัฐธรรมนูญ รื้อกลไกสืบทอดอำนาจ,2,,,
3,"title: ""ประชามติ จัดทำรัฐธรรมนูญฉบับใหม่"",","id: 3,",27,"collections: [PolicyCategory/1,PolicyTopList/77,PolicyCategory/2,PolicyTopList/78]",ประชามติ จัดทำรัฐธรรมนูญฉบับใหม่,3,,ปฏิรูปการศึกษาทหาร,13
4,"title: ""เลือกตั้งท้องถิ่นล่วงหน้า-นอกเขต-นอกราชอาณาจักรได้"",","id: 4,",40,"collections: [PolicyCategory/1,PolicyOccupation/43,PolicyCategory/2]",เลือกตั้งท้องถิ่นล่วงหน้า-นอกเขต-นอกราชอาณาจักรได้,4,,ส่งเสริมเทคโนโลยีทางการศึกษา,107
5,"title: ""เลือกตั้งตามเขตที่อาศัยอยู่จริงได้"",","id: 5,",52,"collections: [PolicyCategory/1,PolicyCategory/2,PolicyOccupation/44]",เลือกตั้งตามเขตที่อาศัยอยู่จริงได้,5,,การศึกษานอกระบบ (กศน.) แบบ on-demand,109
6,"title: ""เอาทหารออกจากการเมือง"",","id: 6,",64,"collections: [PolicyCategory/1,PolicyOccupation/4,PolicyCategory/3]",เอาทหารออกจากการเมือง,6,,ปฏิวัติการศึกษา,PolicyCategory
7,"title: ""กองทัพอยู่ใต้รัฐบาลพลเรือน ยกเลิกสภากลาโหม"",","id: 7,",76,"collections: [PolicyCategory/1,PolicyOccupation/4,PolicyCategory/3]",กองทัพอยู่ใต้รัฐบาลพลเรือน ยกเลิกสภากลาโหม,7,,การศึกษาที่ฟรีจริง,PolicyCategory
8,"title: ""ตั้งผู้ตรวจการกองทัพ ประชาชนตรวจสอบกองทัพได้"",","id: 8,",88,"collections: [PolicyCategory/1,PolicyCategory/3]",ตั้งผู้ตรวจการกองทัพ ประชาชนตรวจสอบกองทัพได้,8,,การศึกษาเท่าทันโลก,PolicyCategory
9,"title: ""ยกเลิกศาลทหาร"",","id: 9,",99,"collections: [PolicyCategory/1,PolicyOccupation/4,PolicyCategory/3]",ยกเลิกศาลทหาร,9,,กระจายอำนาจทางการศึกษา,PolicyCategory
10,"title: ""ลดขนาดกองทัพ 30-40%"",","id: 10,",111,"collections: [PolicyCategory/1,PolicyCategory/3]",ลดขนาดกองทัพ 30-40%,10,,,
11,"title: ""ลดจำนวนนายพล ตัดสิทธิพิเศษที่ไม่เป็นธรรม"",","id: 11,",122,"collections: [PolicyCategory/1,PolicyCategory/3]",ลดจำนวนนายพล ตัดสิทธิพิเศษที่ไม่เป็นธรรม,11,,,
12,"title: ""ยกเลิกบังคับเกณฑ์ทหาร"",","id: 12,",133,"collections: [PolicyCategory/1,PolicyOccupation/4,PolicyCategory/5,PolicyOccupation/45,PolicyCategory/3,PolicyTopList/76,PolicyCategory/6]",ยกเลิกบังคับเกณฑ์ทหาร,12,,,
13,"title: ""ปฏิรูปการศึกษาทหาร"",","id: 13,",149,"collections: [PolicyCategory/1,PolicyOccupation/4,PolicyCategory/3]",ปฏิรูปการศึกษาทหาร,13,,,
14,"title: ""นำเข้ายุทโธปกรณ์ ต้องจ้างงาน-โอนถ่ายเทคโนโลยี (Defence Offset)"",","id: 14,",161,"collections: [PolicyCategory/1,PolicyOccupation/4,PolicyCategory/3]",นำเข้ายุทโธปกรณ์ ต้องจ้างงาน-โอนถ่ายเทคโนโลยี (Defence Offset),14,,,
15,"title: ""คืนที่ดินกองทัพให้ประชาชน"",","id: 15,",173,"collections: [PolicyCategory/1,PolicyCategory/3]",คืนที่ดินกองทัพให้ประชาชน,15,,,
16,"title: ""คืนธุรกิจกองทัพให้รัฐบาล"",","id: 16,",184,"collections: [PolicyCategory/1,PolicyCategory/3]",คืนธุรกิจกองทัพให้รัฐบาล,16,,,
17,"title: ""เพิ่มสวัสดิการทหารชั้นผู้น้อย ปลอดภัย-มั่นคง-มีอนาคต"",","id: 17,",195,"collections: [PolicyCategory/1,PolicyOccupation/4,PolicyCategory/3]",เพิ่มสวัสดิการทหารชั้นผู้น้อย ปลอดภัย-มั่นคง-มีอนาคต,17,,,
18,"title: ""ยุบ กอ.รมน."",","id: 18,",207,"collections: [PolicyCategory/1,PolicyCategory/3]",ยุบ กอ.รมน.,18,,,
19,"title: ""ยกเลิกการประกาศกฎอัยการศึกในชายแดนใต้"",","id: 19,",218,"collections: [PolicyCategory/1,PolicyTopList/77,PolicyCategory/3]",ยกเลิกการประกาศกฎอัยการศึกในชายแดนใต้,19,,,
20,"title: ""แก้ไขกฎหมายความมั่นคงพิเศษ"",","id: 20,",230,"collections: [PolicyCategory/1,PolicyCategory/3,PolicyTopList/78]",แก้ไขกฎหมายความมั่นคงพิเศษ,20,,,
21,"title: ""แก้ไขมาตรา 112"",","id: 21,",242,"collections: [PolicyCategory/1,PolicyCategory/7,PolicyTopList/78]",แก้ไขมาตรา 112,21,,,
22,"title: ""แก้ไขกฏหมายที่เป็นอุปสรรคต่อเสรีภาพในการแสดงออก (มาตรา 116 / พ.ร.บ. คอมฯ)"",","id: 22,",254,"collections: [PolicyCategory/1,PolicyCategory/7,PolicyTopList/78]",แก้ไขกฏหมายที่เป็นอุปสรรคต่อเสรีภาพในการแสดงออก (มาตรา 116 / พ.ร.บ. คอมฯ),22,,,
23,"title: ""ออกกฎหมายต่อต้านการฟ้องปิดปาก (SLAPP)"",","id: 23,",266,"collections: [PolicyCategory/1,PolicyCategory/7,PolicyTopList/78]",ออกกฎหมายต่อต้านการฟ้องปิดปาก (SLAPP),23,,,
24,"title: ""คุ้มครองสิทธิในการชุมนุม (แก้ พ.ร.บ. ชุมนุม)"",","id: 24,",278,"collections: [PolicyCategory/1,PolicyCategory/7,PolicyTopList/78]",คุ้มครองสิทธิในการชุมนุม (แก้ พ.ร.บ. ชุมนุม),24,,,
25,"title: ""คุ้มครองสิทธิในกระบวนการยุติธรรม"",","id: 25,",290,"collections: [PolicyCategory/1,PolicyCategory/7]",คุ้มครองสิทธิในกระบวนการยุติธรรม,25,,,
26,"title: ""ยุบศูนย์ต่อต้านข่าวปลอมของรัฐ"",","id: 26,",301,"collections: [PolicyCategory/1,PolicyCategory/7]",ยุบศูนย์ต่อต้านข่าวปลอมของรัฐ,26,,,
27,"title: ""โทษปรับ ขยับขึ้น-ลงตามฐานรายได้"",","id: 27,",312,"collections: [PolicyCategory/1,PolicyCategory/7]",โทษปรับ ขยับขึ้น-ลงตามฐานรายได้,27,,,
28,"title: ""ปฏิรูปเรือนจำ เน้นการฟื้นฟู-ลดทำผิดซ้ำ"",","id: 28,",323,"collections: [PolicyCategory/1,PolicyCategory/7]",ปฏิรูปเรือนจำ เน้นการฟื้นฟู-ลดทำผิดซ้ำ,28,,,
29,"title: ""ศาลโปร่งใส ตรวจสอบได้ เป็นของประชาชน"",","id: 29,",334,"collections: [PolicyCategory/1,PolicyCategory/7]",ศาลโปร่งใส ตรวจสอบได้ เป็นของประชาชน,29,,,
30,"title: ""ลงนาม ICC ศาลอาญาระหว่างประเทศ"",","id: 30,",345,"collections: [PolicyCategory/1,PolicyCategory/7]",ลงนาม ICC ศาลอาญาระหว่างประเทศ,30,,,
31,"title: ""นิรโทษกรรมคดีการเมือง"",","id: 31,",356,"collections: [PolicyCategory/1,PolicyCategory/7]",นิรโทษกรรมคดีการเมือง,31,,,
32,"title: ""มีตำรวจหญิงทุกสถานี"",","id: 32,",367,"collections: [PolicyCategory/1,PolicyCategory/8]",มีตำรวจหญิงทุกสถานี,32,,,
33,"title: ""ปรับปรุงกฎหมายต่อต้านความรุนแรงทางเพศ"",","id: 33,",378,"collections: [PolicyCategory/1,PolicyCategory/8]",ปรับปรุงกฎหมายต่อต้านความรุนแรงทางเพศ,33,,,
34,"title: ""รณรงค์ความรู้เรื่องเพศให้สังคม เริ่มต้นจากหน่วยงานรัฐ"",","id: 34,",389,"collections: [PolicyCategory/1,PolicyCategory/8]",รณรงค์ความรู้เรื่องเพศให้สังคม เริ่มต้นจากหน่วยงานรัฐ,34,,,
35,"title: ""ผ้าอนามัยไม่เก็บ VAT แจกฟรีในโรงเรียน"",","id: 35,",400,"collections: [PolicyCategory/1,PolicyCategory/5,PolicyOccupation/45,PolicyCategory/8,PolicyCategory/6]",ผ้าอนามัยไม่เก็บ VAT แจกฟรีในโรงเรียน,35,,,
36,"title: ""สมรสเท่าเทียม คู่รักทุกเพศแต่งงานกันได้"",","id: 36,",414,"collections: [PolicyCategory/1,PolicyCategory/8,PolicyTopList/78]",สมรสเท่าเทียม คู่รักทุกเพศแต่งงานกันได้,36,,,
37,"title: ""รับรองทุกเพศสภาพ คำนำหน้าตามสมัครใจ"",","id: 37,",426,"collections: [PolicyCategory/1,PolicyCategory/8]",รับรองทุกเพศสภาพ คำนำหน้าตามสมัครใจ,37,,,
38,"title: ""พระเลือกตั้งได้"",","id: 38,",437,"collections: [PolicyCategory/1,PolicyCategory/8]",พระเลือกตั้งได้,38,,,
39,"title: ""ขายเหล้าได้ตลอดวัน ยกเลิกการห้ามขายเหล้า-ฆ่าสัตว์ในวันพระ"",","id: 39,",448,"collections: [PolicyCategory/1,PolicyCategory/8]",ขายเหล้าได้ตลอดวัน ยกเลิกการห้ามขายเหล้า-ฆ่าสัตว์ในวันพระ,39,,,
40,"title: ""รัฐต้องจ้างงานคนพิการ 20,000 คน"",","id: 40,",459,"collections: [PolicyCategory/1,PolicyCategory/8]","รัฐต้องจ้างงานคนพิการ 20,000 คน",40,,,
41,"title: ""อาคาร-สิ่งก่อสร้างยึดหลักการออกแบบเพื่อทุกคน"",","id: 41,",470,"collections: [PolicyCategory/1,PolicyCategory/8]",อาคาร-สิ่งก่อสร้างยึดหลักการออกแบบเพื่อทุกคน,41,,,
42,"title: ""เงินคนพิการเดือนละ 3,000 บาท"",","id: 42,",481,"collections: [PolicyCategory/1,PolicyCategory/8]","เงินคนพิการเดือนละ 3,000 บาท",42,,,
43,"title: ""ของขวัญแรกเกิด 3,000 บาท ซื้อของเลี้ยงลูก"",","id: 43,",492,"collections: [PolicyCategory/1,PolicyCategory/8,PolicyCategory/9]","ของขวัญแรกเกิด 3,000 บาท ซื้อของเลี้ยงลูก",43,,,
44,"title: ""เงินเด็กเล็ก เดือนละ 1,200 บาท"",","id: 44,",504,"collections: [PolicyOccupation/49,PolicyTopList/76,PolicyCategory/1,PolicyOccupation/4,PolicyOccupation/46,PolicyOccupation/47,PolicyCategory/8,PolicyOccupation/48,PolicyCategory/9]","เงินเด็กเล็ก เดือนละ 1,200 บาท",44,,,
45,"title: ""สิทธิลาคลอด 180 วัน พ่อแม่แบ่งกันได้"",","id: 45,",522,"collections: [PolicyCategory/5,PolicyCategory/9,PolicyCategory/1,PolicyCategory/8,PolicyOccupation/44,PolicyTopList/78]",สิทธิลาคลอด 180 วัน พ่อแม่แบ่งกันได้,45,,,
46,"title: ""ศูนย์เลี้ยงเด็กอ่อน-เด็กก่อนวัยเรียนใกล้บ้าน ห้องปั๊มนมในที่ทำงาน"",","id: 46,",537,"collections: [PolicyOccupation/4,PolicyOccupation/43,PolicyOccupation/46,PolicyOccupation/49,PolicyCategory/5,PolicyCategory/9,PolicyOccupation/47,PolicyOccupation/44,PolicyOccupation/48]",ศูนย์เลี้ยงเด็กอ่อน-เด็กก่อนวัยเรียนใกล้บ้าน ห้องปั๊มนมในที่ทำงาน,46,,,
47,"title: ""ปรับขึ้นค่าแรงขั้นต่ำทุกปี เริ่มทันทีวันละ 450 บาท"",","id: 47,",555,"collections: [PolicyCategory/5,PolicyCategory/10,PolicyTopList/76,PolicyOccupation/44,PolicyTopList/78]",ปรับขึ้นค่าแรงขั้นต่ำทุกปี เริ่มทันทีวันละ 450 บาท,47,,,
48,"title: ""ทำงานไม่เกิน 40 ชั่วโมง/สัปดาห์ หากเกิน ต้องได้ OT"",","id: 48,",569,"collections: [PolicyOccupation/46,PolicyCategory/5,PolicyCategory/10,PolicyOccupation/44,PolicyTopList/78]",ทำงานไม่เกิน 40 ชั่วโมง/สัปดาห์ หากเกิน ต้องได้ OT,48,,,
49,"title: ""สัญญาจ้างเป็นธรรม แรงงานรัฐได้รับการคุ้มครอง"",","id: 49,",583,"collections: [PolicyCategory/5,PolicyOccupation/46,PolicyCategory/10,PolicyOccupation/44,PolicyTopList/78]",สัญญาจ้างเป็นธรรม แรงงานรัฐได้รับการคุ้มครอง,49,,,
50,"title: ""แรงงานทุกกลุ่มตั้งสหภาพได้ สอดคล้องหลัก ILO 87 และ 98"",","id: 50,",597,"collections: [PolicyOccupation/50,PolicyOccupation/46,PolicyCategory/5,PolicyCategory/10,PolicyOccupation/44,PolicyTopList/78]",แรงงานทุกกลุ่มตั้งสหภาพได้ สอดคล้องหลัก ILO 87 และ 98,50,,,
51,"title: ""ประกันสังคมถ้วนหน้า เจ็บป่วยได้เงินชดเชย-ค่าเดินทางหาหมอ"",","id: 51,",612,"collections: [PolicyCategory/5,PolicyOccupation/46,PolicyOccupation/49,PolicyCategory/10,PolicyOccupation/44,PolicyOccupation/48]",ประกันสังคมถ้วนหน้า เจ็บป่วยได้เงินชดเชย-ค่าเดินทางหาหมอ,51,,,
52,"title: ""เงินผู้สูงวัยเดือนละ 3,000 บาท"",","id: 52,",627,"collections: [PolicyOccupation/4,PolicyCategory/5,PolicyOccupation/46,PolicyOccupation/49,PolicyCategory/11,PolicyOccupation/47,PolicyTopList/76,PolicyOccupation/44,PolicyOccupation/48]","เงินผู้สูงวัยเดือนละ 3,000 บาท",52,,,
53,"title: ""เจ็บ-ป่วยติดเตียง มีระบบดูแล"",","id: 53,",645,"collections: [PolicyOccupation/4,PolicyOccupation/43,PolicyOccupation/46,PolicyOccupation/49,PolicyCategory/5,PolicyCategory/11,PolicyOccupation/47,PolicyOccupation/44,PolicyOccupation/48]",เจ็บ-ป่วยติดเตียง มีระบบดูแล,53,,,
54,"title: ""บ้านตั้งตัว 350,000 หลัง รัฐช่วยผ่อน-เช่า"",","id: 54,",663,"collections: [PolicyOccupation/50,PolicyCategory/5,PolicyCategory/12,PolicyOccupation/44]","บ้านตั้งตัว 350,000 หลัง รัฐช่วยผ่อน-เช่า",54,,,
55,"title: ""น้ำประปาดื่มได้ทุกพื้นที่"",","id: 55,",676,"collections: [PolicyOccupation/43,PolicyTopList/76,PolicyOccupation/50,PolicyOccupation/44,PolicyCategory/5,PolicyCategory/12]",น้ำประปาดื่มได้ทุกพื้นที่,55,,,
56,"title: ""เติมเน็ตฟรี 1 GB ต่อเดือน"",","id: 56,",691,"collections: [PolicyCategory/5,PolicyOccupation/24,PolicyCategory/12,PolicyOccupation/50,PolicyOccupation/44]",เติมเน็ตฟรี 1 GB ต่อเดือน,56,,,
57,"title: ""ค่าทำศพถ้วนหน้า 10,000 บาท"",","id: 57,",705,"collections: [PolicyCategory/5,PolicyCategory/12]","ค่าทำศพถ้วนหน้า 10,000 บาท",57,,,
58,"title: ""เลือกตั้งผู้ว่าฯ ทุกจังหวัด"",","id: 58,",716,"collections: [PolicyCategory/13,PolicyOccupation/43,PolicyCategory/14,PolicyTopList/76]",เลือกตั้งผู้ว่าฯ ทุกจังหวัด,58,,,
59,"title: ""ประชามติยกเลิกราชการส่วนภูมิภาค ไม่มีใครตกงาน-เสียประโยชน์"",","id: 59,",729,"collections: [PolicyCategory/13,PolicyOccupation/43,PolicyTopList/77,PolicyCategory/14]",ประชามติยกเลิกราชการส่วนภูมิภาค ไม่มีใครตกงาน-เสียประโยชน์,59,,,
60,"title: ""ข้าราชการทุกสังกัด ศักดิ์และสิทธิเท่ากัน โยกย้ายก้าวหน้าได้"",","id: 60,",742,"collections: [PolicyCategory/13,PolicyOccupation/43,PolicyCategory/14]",ข้าราชการทุกสังกัด ศักดิ์และสิทธิเท่ากัน โยกย้ายก้าวหน้าได้,60,,,
61,"title: ""เลือกตั้งนายกเขต ทุกเขตใน กทม."",","id: 61,",754,"collections: [PolicyCategory/13,PolicyOccupation/43,PolicyCategory/14]",เลือกตั้งนายกเขต ทุกเขตใน กทม.,61,,,
62,"title: ""เพิ่มงบท้องถิ่น (จังหวัดละ +250 ล้านบาท/ปี | เมืองละ +100 ล้านบาท/ปี | ตำบลละ 20 ล้านบาท/ปี)"",","id: 62,",766,"collections: [PolicyCategory/13,PolicyOccupation/43,PolicyCategory/15]",เพิ่มงบท้องถิ่น (จังหวัดละ +250 ล้านบาท/ปี | เมืองละ +100 ล้านบาท/ปี | ตำบลละ 20 ล้านบาท/ปี),62,,,
63,"title: ""ท้องถิ่นมีช่องทางหารายได้ใหม่ กู้เงิน-ออกพันธบัตร"",","id: 63,",778,"collections: [PolicyCategory/13,PolicyOccupation/43,PolicyCategory/16]",ท้องถิ่นมีช่องทางหารายได้ใหม่ กู้เงิน-ออกพันธบัตร,63,,,
64,"title: ""ปรับสูตรกระจายงบให้เป็นธรรม ลดความเหลื่อมล้ำระหว่างพื้นที่"",","id: 64,",790,"collections: [PolicyCategory/13,PolicyOccupation/43,PolicyCategory/16]",ปรับสูตรกระจายงบให้เป็นธรรม ลดความเหลื่อมล้ำระหว่างพื้นที่,64,,,
65,"title: ""ท้องถิ่นจัดทำบริการสาธารณะได้ทั้งหมด ยกเว้น ทหาร-ศาล-เงินตรา-การต่างประเทศ"",","id: 65,",802,"collections: [PolicyCategory/13,PolicyOccupation/43,PolicyCategory/16,PolicyTopList/78]",ท้องถิ่นจัดทำบริการสาธารณะได้ทั้งหมด ยกเว้น ทหาร-ศาล-เงินตรา-การต่างประเทศ,65,,,
66,"title: ""ถ่ายโอนอำนาจให้ท้องถิ่น (ถนน-คูคลอง-แหล่งน้ำ-ขนส่ง-สิ่งแวดล้อม-พิสูจน์ที่ดิน-โรงงาน-โรงแรม-สถานบริการ)"",","id: 66,",815,"collections: [PolicyCategory/13,PolicyOccupation/43,PolicyCategory/16]",ถ่ายโอนอำนาจให้ท้องถิ่น (ถนน-คูคลอง-แหล่งน้ำ-ขนส่ง-สิ่งแวดล้อม-พิสูจน์ที่ดิน-โรงงาน-โรงแรม-สถานบริการ),66,,,
67,"title: ""ยกเลิกกฎระเบียบและคำสั่ง คสช. ที่ล็อกคอ-ล้วงลูกท้องถิ่น"",","id: 67,",827,"collections: [PolicyCategory/13,PolicyOccupation/43,PolicyTopList/77,PolicyCategory/16,PolicyTopList/78]",ยกเลิกกฎระเบียบและคำสั่ง คสช. ที่ล็อกคอ-ล้วงลูกท้องถิ่น,67,,,
68,"title: ""ท้องถิ่นโปร่งใส เปิดเผยข้อมูลงบทุกบาท-จัดซื้อจัดจ้างทุกขั้นตอน"",","id: 68,",841,"collections: [PolicyCategory/13,PolicyOccupation/43,PolicyOccupation/51,PolicyCategory/17,PolicyTopList/78]",ท้องถิ่นโปร่งใส เปิดเผยข้อมูลงบทุกบาท-จัดซื้อจัดจ้างทุกขั้นตอน,68,,,
69,"title: ""ประชุมสภาพลเมือง ทุกคนมีส่วนร่วม ทุกท้องถิ่น ทุกไตรมาส"",","id: 69,",855,"collections: [PolicyCategory/13,PolicyOccupation/43,PolicyCategory/17,PolicyTopList/78]",ประชุมสภาพลเมือง ทุกคนมีส่วนร่วม ทุกท้องถิ่น ทุกไตรมาส,69,,,
70,"title: ""ประชาชนเข้าชื่อออนไลน์ เสนอโครงการ-ข้อบัญญัติ ถอดถอนท้องถิ่นได้"",","id: 70,",868,"collections: [PolicyCategory/13,PolicyOccupation/43,PolicyCategory/17,PolicyTopList/78]",ประชาชนเข้าชื่อออนไลน์ เสนอโครงการ-ข้อบัญญัติ ถอดถอนท้องถิ่นได้,70,,,
71,"title: ""เปิดข้อมูลรัฐทันที ประชาชนเป็นเจ้าของ"",","id: 71,",881,"collections: [PolicyCategory/18,PolicyTopList/76,PolicyCategory/19,PolicyOccupation/43,PolicyTopList/78]",เปิดข้อมูลรัฐทันที ประชาชนเป็นเจ้าของ,71,,,
72,"title: ""ระบบ AI จับโกง"",","id: 72,",895,"collections: [PolicyOccupation/50,PolicyCategory/18,PolicyOccupation/51,PolicyCategory/19]",ระบบ AI จับโกง,72,,,
73,"title: ""โครงการ “คนโกงวงแตก” จูงใจให้คนที่คิดจะโกง ระแวงกันเอง"",","id: 73,",908,"collections: [PolicyCategory/18,PolicyCategory/19]",โครงการ “คนโกงวงแตก” จูงใจให้คนที่คิดจะโกง ระแวงกันเอง,73,,,
74,"title: ""โครงการ “แฉโกง ปลอดภัย ได้เงิน”"",","id: 74,",919,"collections: [PolicyOccupation/4,PolicyCategory/18,PolicyOccupation/50,PolicyCategory/19,PolicyOccupation/47,PolicyOccupation/24]",โครงการ “แฉโกง ปลอดภัย ได้เงิน”,74,,,
75,"title: ""ตัวแทนจับโกงจากประชาชน ในโครงการมูลค่าสูง (Integrity Pact)"",","id: 75,",934,"collections: [PolicyCategory/18,PolicyCategory/19]",ตัวแทนจับโกงจากประชาชน ในโครงการมูลค่าสูง (Integrity Pact),75,,,
76,"title: ""ห้ามใช้เงินหลวง โปรโมทตัวเอง"",","id: 76,",945,"collections: [PolicyCategory/18,PolicyOccupation/50,PolicyCategory/19,PolicyTopList/77]",ห้ามใช้เงินหลวง โปรโมทตัวเอง,76,,,
77,"title: ""ป.ป.ช. ยึดโยงประชาชน"",","id: 77,",958,"collections: [PolicyCategory/18,PolicyCategory/19]",ป.ป.ช. ยึดโยงประชาชน,77,,,
78,"title: ""ทุกบริการภาครัฐ ทำได้ผ่านมือถือ"",","id: 78,",969,"collections: [PolicyCategory/18,PolicyOccupation/50,PolicyOccupation/51,PolicyCategory/20]",ทุกบริการภาครัฐ ทำได้ผ่านมือถือ,78,,,
79,"title: ""ร้องเรียนไป ต้องไม่เงียบ อัปเดตทุกขั้นตอน"",","id: 79,",982,"collections: [PolicyCategory/18,PolicyOccupation/50,PolicyCategory/20]",ร้องเรียนไป ต้องไม่เงียบ อัปเดตทุกขั้นตอน,79,,,
80,"title: ""สวัสดิการโอนเข้าอัตโนมัติ ไม่ต้องรอ ไม่ต้องลงทะเบียน"",","id: 80,",994,"collections: [PolicyCategory/18,PolicyCategory/20]",สวัสดิการโอนเข้าอัตโนมัติ ไม่ต้องรอ ไม่ต้องลงทะเบียน,80,,,
81,"title: ""ยกเลิกใบอนุญาต 50% ยกเลิกทุกกฎหมายที่เป็นอุปสรรค"",","id: 81,",1005,"collections: [PolicyCategory/18,PolicyOccupation/50,PolicyOccupation/51,PolicyCategory/20]",ยกเลิกใบอนุญาต 50% ยกเลิกทุกกฎหมายที่เป็นอุปสรรค,81,,,
82,"title: ""รู้ผลใบอนุญาตใน 15 วัน"",","id: 82,",1018,"collections: [PolicyCategory/18,PolicyOccupation/50,PolicyOccupation/51,PolicyCategory/20]",รู้ผลใบอนุญาตใน 15 วัน,82,,,
83,"title: ""ยกเครื่องประเมินข้าราชการ ทำงานดี ข้าราชการได้ดี ประชาชนได้ดี"",","id: 83,",1031,"collections: [PolicyOccupation/4,PolicyCategory/18,PolicyOccupation/50,PolicyCategory/20,PolicyOccupation/47,PolicyOccupation/24]",ยกเครื่องประเมินข้าราชการ ทำงานดี ข้าราชการได้ดี ประชาชนได้ดี,83,,,
84,"title: ""ปลดล็อกส่วนกลาง ข้าราชการทีมไทยแลนด์ ทลายกำแพงระหว่างกระทรวง-กรม"",","id: 84,",1046,"collections: [PolicyCategory/18,PolicyOccupation/50,PolicyCategory/20]",ปลดล็อกส่วนกลาง ข้าราชการทีมไทยแลนด์ ทลายกำแพงระหว่างกระทรวง-กรม,84,,,
85,"title: ""งบประมาณปรับทันใจ จัดทำใหม่จากศูนย์ในทุกๆปี (zero-based budgeting)"",","id: 85,",1058,"collections: [PolicyCategory/18,PolicyCategory/20]",งบประมาณปรับทันใจ จัดทำใหม่จากศูนย์ในทุกๆปี (zero-based budgeting),85,,,
86,"title: ""ผบ.ตร. ยึดโยงประชาชน"",","id: 86,",1069,"collections: [PolicyCategory/18,PolicyOccupation/47,PolicyCategory/21,PolicyTopList/78]",ผบ.ตร. ยึดโยงประชาชน,86,,,
87,"title: ""จังหวัด-ตำรวจ ร่วมรับใช้ประชาชน"",","id: 87,",1082,"collections: [PolicyCategory/18,PolicyOccupation/43,PolicyOccupation/47,PolicyCategory/21,PolicyTopList/78]",จังหวัด-ตำรวจ ร่วมรับใช้ประชาชน,87,,,
88,"title: ""ผู้ตรวจการตำรวจ ประชาชนมีช่องร้องเรียนตำรวจ"",","id: 88,",1096,"collections: [PolicyCategory/18,PolicyOccupation/47,PolicyCategory/21,PolicyTopList/78]",ผู้ตรวจการตำรวจ ประชาชนมีช่องร้องเรียนตำรวจ,88,,,
89,"title: ""คืนผมให้ตำรวจ ไม่บังคับเกรียน"",","id: 89,",1109,"collections: [PolicyCategory/18,PolicyOccupation/47,PolicyCategory/21,PolicyTopList/78]",คืนผมให้ตำรวจ ไม่บังคับเกรียน,89,,,
90,"title: ""เติบโต-โยกย้ายเป็นธรรม ปราศจากตั๋ว-เส้นสาย"",","id: 90,",1122,"collections: [PolicyCategory/18,PolicyOccupation/47,PolicyOccupation/51,PolicyCategory/21,PolicyTopList/78]",เติบโต-โยกย้ายเป็นธรรม ปราศจากตั๋ว-เส้นสาย,90,,,
91,"title: ""ตำรวจหญิงทุกสถานี เติบโตเป็น ผบ.ตร. ได้"",","id: 91,",1136,"collections: [PolicyCategory/18,PolicyOccupation/47,PolicyCategory/21]",ตำรวจหญิงทุกสถานี เติบโตเป็น ผบ.ตร. ได้,91,,,
92,"title: ""ลดภาระพนักงานสอบสวน แบ่งงานให้ตำรวจสายอื่น"",","id: 92,",1148,"collections: [PolicyCategory/18,PolicyOccupation/47,PolicyCategory/21]",ลดภาระพนักงานสอบสวน แบ่งงานให้ตำรวจสายอื่น,92,,,
93,"title: ""เรียนฟรี อาหารฟรี มีรถรับส่ง"",","id: 93,",1160,"collections: [PolicyCategory/22,PolicyCategory/5,PolicyCategory/23,PolicyCategory/6,PolicyOccupation/45]",เรียนฟรี อาหารฟรี มีรถรับส่ง,93,,,
94,"title: ""ทุกโรงเรียนมีงบพอ"",","id: 94,",1174,"collections: [PolicyCategory/22,PolicyOccupation/24,PolicyCategory/23]",ทุกโรงเรียนมีงบพอ,94,,,
95,"title: ""โรงเรียนโปร่งใส ปราศจากทุจริต"",","id: 95,",1186,"collections: [PolicyCategory/22,PolicyOccupation/24,PolicyOccupation/45,PolicyCategory/23]",โรงเรียนโปร่งใส ปราศจากทุจริต,95,,,
96,"title: ""ส้วมสะอาด อาคารสถานที่ปลอดภัย"",","id: 96,",1199,"collections: [PolicyCategory/22,PolicyOccupation/45,PolicyCategory/25]",ส้วมสะอาด อาคารสถานที่ปลอดภัย,96,,,
97,"title: ""นักเรียนเครียด-ซึมเศร้ามีที่ปรึกษา"",","id: 97,",1211,"collections: [PolicyCategory/22,PolicyOccupation/45,PolicyCategory/25]",นักเรียนเครียด-ซึมเศร้ามีที่ปรึกษา,97,,,
98,"title: ""กฎโรงเรียนต้องไม่ขัดหลักสิทธิมนุษยชน"",","id: 98,",1223,"collections: [PolicyCategory/22,PolicyOccupation/45,PolicyCategory/25,PolicyTopList/77]",กฎโรงเรียนต้องไม่ขัดหลักสิทธิมนุษยชน,98,,,
99,"title: ""ครูละเมิดสิทธิ พักใบประกอบทันที"",","id: 99,",1236,"collections: [PolicyCategory/22,PolicyOccupation/45,PolicyCategory/25,PolicyTopList/77]",ครูละเมิดสิทธิ พักใบประกอบทันที,99,,,
100,"title: ""ยกเลิกตั้งแถว ใช้เวลาอัปเดตเหตุการณ์บ้านเมือง"",","id: 100,",1249,"collections: [PolicyCategory/22,PolicyOccupation/45,PolicyCategory/25]",ยกเลิกตั้งแถว ใช้เวลาอัปเดตเหตุการณ์บ้านเมือง,100,,,
101,"title: ""ไม่บังคับชุดนักเรียน ผู้ปกครองใช้งบกับอย่างอื่นได้"",","id: 101,",1261,"collections: [PolicyCategory/22,PolicyOccupation/45,PolicyCategory/25]",ไม่บังคับชุดนักเรียน ผู้ปกครองใช้งบกับอย่างอื่นได้,101,,,
102,"title: ""ออกแบบหลักสูตรใหม่ เน้นทักษะที่ได้ใช้จริง"",","id: 102,",1273,"collections: [PolicyCategory/22,PolicyOccupation/24,PolicyOccupation/45,PolicyOccupation/51,PolicyTopList/76,PolicyCategory/26]",ออกแบบหลักสูตรใหม่ เน้นทักษะที่ได้ใช้จริง,102,,,
103,"title: ""ชั่วโมงเรียนดีมีคุณภาพ ลดคาบเรียน-การบ้าน-การสอบ"",","id: 103,",1288,"collections: [PolicyCategory/22,PolicyOccupation/45,PolicyCategory/26]",ชั่วโมงเรียนดีมีคุณภาพ ลดคาบเรียน-การบ้าน-การสอบ,103,,,
104,"title: ""ลดวิชาบังคับ เพิ่มวิชาทางเลือก"",","id: 104,",1300,"collections: [PolicyCategory/22,PolicyOccupation/45,PolicyOccupation/46,PolicyCategory/26]",ลดวิชาบังคับ เพิ่มวิชาทางเลือก,104,,,
105,"title: ""โรงเรียน 2 ภาษา นักเรียนพูดภาษาอังกฤษได้"",","id: 105,",1313,"collections: [PolicyCategory/22,PolicyOccupation/45,PolicyCategory/26]",โรงเรียน 2 ภาษา นักเรียนพูดภาษาอังกฤษได้,105,,,
106,"title: ""วิชาประวัติศาสตร์ เน้นวิเคราะห์-แลกเปลี่ยน"",","id: 106,",1325,"collections: [PolicyCategory/22,PolicyOccupation/45,PolicyCategory/26]",วิชาประวัติศาสตร์ เน้นวิเคราะห์-แลกเปลี่ยน,106,,,
107,"title: ""ส่งเสริมเทคโนโลยีทางการศึกษา"",","id: 107,",1337,"collections: [PolicyCategory/22,PolicyOccupation/24,PolicyOccupation/45,PolicyCategory/26]",ส่งเสริมเทคโนโลยีทางการศึกษา,107,,,
108,"title: ""สร้างแพลตฟอร์มตรวจสอบเนื้อหาหนังสือเรียน"",","id: 108,",1350,"collections: [PolicyCategory/22,PolicyOccupation/45,PolicyCategory/26]",สร้างแพลตฟอร์มตรวจสอบเนื้อหาหนังสือเรียน,108,,,
109,"title: ""การศึกษานอกระบบ (กศน.) แบบ on-demand"",","id: 109,",1362,"collections: [PolicyCategory/22,PolicyCategory/26]",การศึกษานอกระบบ (กศน.) แบบ on-demand,109,,,
110,"title: ""อำนวยความสะดวกในการทำ Home School"",","id: 110,",1373,"collections: [PolicyCategory/22,PolicyCategory/26]",อำนวยความสะดวกในการทำ Home School,110,,,
111,"title: ""เปิดข้อสอบ TCAS ย้อนหลังทั้งหมดพร้อมเฉลยทันที"",","id: 111,",1384,"collections: [PolicyCategory/22,PolicyOccupation/45,PolicyCategory/26]",เปิดข้อสอบ TCAS ย้อนหลังทั้งหมดพร้อมเฉลยทันที,111,,,
112,"title: ""ค่าใช้จ่าย TCAS อัตราเดียว ไม่เกิน 500 บาท"",","id: 112,",1396,"collections: [PolicyCategory/22,PolicyOccupation/45,PolicyCategory/26]",ค่าใช้จ่าย TCAS อัตราเดียว ไม่เกิน 500 บาท,112,,,
113,"title: ""เลิกให้ครูนอนเวร"",","id: 113,",1408,"collections: [PolicyCategory/22,PolicyOccupation/24,PolicyCategory/27,PolicyTopList/77]",เลิกให้ครูนอนเวร,113,,,
114,"title: ""ลดงานเอกสาร-งานธุรการครู"",","id: 114,",1421,"collections: [PolicyCategory/22,PolicyOccupation/24,PolicyOccupation/45,PolicyCategory/27]",ลดงานเอกสาร-งานธุรการครู,114,,,
115,"title: ""ยกเลิกพิธีรีตองในการประเมินครู-รับแขก"",","id: 115,",1434,"collections: [PolicyCategory/22,PolicyOccupation/24,PolicyOccupation/45,PolicyCategory/27,PolicyTopList/77]",ยกเลิกพิธีรีตองในการประเมินครู-รับแขก,115,,,
116,"title: ""นักเรียนประเมินครู ครูประเมิน ผอ."",","id: 116,",1448,"collections: [PolicyCategory/22,PolicyOccupation/24,PolicyOccupation/45,PolicyCategory/27]",นักเรียนประเมินครู ครูประเมิน ผอ.,116,,,
117,"title: ""งบอบรมให้ครู-โรงเรียน ตัดสินใจเองว่าจะเรียนรู้อะไร"",","id: 117,",1461,"collections: [PolicyCategory/22,PolicyOccupation/24,PolicyCategory/27]",งบอบรมให้ครู-โรงเรียน ตัดสินใจเองว่าจะเรียนรู้อะไร,117,,,
118,"title: ""เพิ่มค่าตอบแทนครูบรรจุใหม่ เป็น 20,000+ ต่อเดือน"",","id: 118,",1473,"collections: [PolicyCategory/22,PolicyOccupation/24,PolicyCategory/27]","เพิ่มค่าตอบแทนครูบรรจุใหม่ เป็น 20,000+ ต่อเดือน",118,,,
119,"title: ""ยกระดับสถาบันผลิตครู เพิ่มทักษะ-ความเชี่ยวชาญครู"",","id: 119,",1485,"collections: [PolicyCategory/22,PolicyCategory/27]",ยกระดับสถาบันผลิตครู เพิ่มทักษะ-ความเชี่ยวชาญครู,119,,,
120,"title: ""แก้ปัญหาหนี้สินครู กำหนดเพดานหักเงินเดือน"",","id: 120,",1496,"collections: [PolicyCategory/22,PolicyOccupation/24,PolicyCategory/27]",แก้ปัญหาหนี้สินครู กำหนดเพดานหักเงินเดือน,120,,,
121,"title: ""คูปองเปิดโลกเรียนรู้นอกห้องเรียน สูงสุด 2,000 บาทต่อปี"",","id: 121,",1508,"collections: [PolicyCategory/5,PolicyCategory/22,PolicyOccupation/45,PolicyOccupation/46,PolicyCategory/28,PolicyCategory/6]","คูปองเปิดโลกเรียนรู้นอกห้องเรียน สูงสุด 2,000 บาทต่อปี",121,,,
122,"title: ""เรียนฟรีอาชีวะถึง ปวส. จบแล้วมีงานทำ"",","id: 122,",1523,"collections: [PolicyCategory/22,PolicyOccupation/45,PolicyCategory/28]",เรียนฟรีอาชีวะถึง ปวส. จบแล้วมีงานทำ,122,,,
123,"title: ""เพิ่มงบพัฒนาคุณภาพสถาบันอาชีวศึกษา แห่งละ 10 ล้านบาทต่อปี"",","id: 123,",1535,"collections: [PolicyCategory/22,PolicyOccupation/24,PolicyCategory/28]",เพิ่มงบพัฒนาคุณภาพสถาบันอาชีวศึกษา แห่งละ 10 ล้านบาทต่อปี,123,,,
124,"title: ""ส่งเสริมอาชีวศึกษาระบบทวิภาคี"",","id: 124,",1547,"collections: [PolicyCategory/22,PolicyOccupation/45,PolicyCategory/28,PolicyOccupation/44]",ส่งเสริมอาชีวศึกษาระบบทวิภาคี,124,,,
125,"title: ""ส่งเสริมสหกิจศึกษา (เรียน+ฝึกงาน) ในมหาวิทยาลัย"",","id: 125,",1560,"collections: [PolicyCategory/22,PolicyOccupation/45,PolicyCategory/28,PolicyOccupation/44]",ส่งเสริมสหกิจศึกษา (เรียน+ฝึกงาน) ในมหาวิทยาลัย,125,,,
126,"title: ""ยกระดับ กยศ. ทุกคนกู้ได้ ยกเลิกกิจกรรมจิตอาสา จ่ายคืนเมื่อจ่ายไหวเท่านั้น"",","id: 126,",1573,"collections: [PolicyCategory/22,PolicyOccupation/45,PolicyCategory/28]",ยกระดับ กยศ. ทุกคนกู้ได้ ยกเลิกกิจกรรมจิตอาสา จ่ายคืนเมื่อจ่ายไหวเท่านั้น,126,,,
127,"title: ""แพลตฟอร์มเรียนรู้ตลอดชีวิต เรียนฟรีไม่จำกัด มีระบบจัดหางาน"",","id: 127,",1585,"collections: [PolicyCategory/5,PolicyCategory/22,PolicyOccupation/45,PolicyOccupation/46,PolicyOccupation/51,PolicyCategory/28,PolicyCategory/10,PolicyOccupation/44]",แพลตฟอร์มเรียนรู้ตลอดชีวิต เรียนฟรีไม่จำกัด มีระบบจัดหางาน,127,,,
128,"title: ""ทำงานเทียบวุฒิได้ ยกระดับสถาบันคุณวุฒิวิชาชีพ"",","id: 128,",1602,"collections: [PolicyCategory/22,PolicyOccupation/46,PolicyOccupation/51,PolicyCategory/28,PolicyOccupation/44]",ทำงานเทียบวุฒิได้ ยกระดับสถาบันคุณวุฒิวิชาชีพ,128,,,
129,"title: ""คูปองเรียนเสริมทักษะ-เปลี่ยนอาชีพ 5,000 บาท/ปี"",","id: 129,",1616,"collections: [PolicyCategory/5,PolicyCategory/22,PolicyOccupation/46,PolicyOccupation/51,PolicyCategory/28,PolicyCategory/10,PolicyOccupation/44]","คูปองเรียนเสริมทักษะ-เปลี่ยนอาชีพ 5,000 บาท/ปี",129,,,
130,"title: ""กระจายอำนาจให้โรงเรียน เติบโตได้ภายใต้ท้องถิ่น"",","id: 130,",1632,"collections: [PolicyCategory/22,PolicyOccupation/24,PolicyOccupation/43,PolicyCategory/29]",กระจายอำนาจให้โรงเรียน เติบโตได้ภายใต้ท้องถิ่น,130,,,
131,"title: ""บอร์ดโรงเรียน ต้องมีตัวแทนนักเรียน"",","id: 131,",1645,"collections: [PolicyCategory/22,PolicyOccupation/45,PolicyCategory/29]",บอร์ดโรงเรียน ต้องมีตัวแทนนักเรียน,131,,,
132,"title: ""งบที่สภานักเรียนเลือกใช้เองได้"",","id: 132,",1657,"collections: [PolicyCategory/22,PolicyOccupation/45,PolicyCategory/29]",งบที่สภานักเรียนเลือกใช้เองได้,132,,,
133,"title: ""สภาเยาวชนมาจากการเลือกตั้ง เสนอกฎหมายไปที่รัฐสภาได้"",","id: 133,",1669,"collections: [PolicyCategory/22,PolicyOccupation/45,PolicyCategory/29]",สภาเยาวชนมาจากการเลือกตั้ง เสนอกฎหมายไปที่รัฐสภาได้,133,,,
134,"title: ""กองทุนพิสูจน์สิทธิ 10,000 ล้านบาท ยุติข้อพิพาท-ออกเอกสารสิทธิให้เกษตรกร"",","id: 134,",1681,"collections: [PolicyCategory/30,PolicyTopList/76,PolicyCategory/31,PolicyOccupation/48]","กองทุนพิสูจน์สิทธิ 10,000 ล้านบาท ยุติข้อพิพาท-ออกเอกสารสิทธิให้เกษตรกร",134,,,
135,"title: ""เปลี่ยน สปก. เป็นโฉนดอย่างเป็นธรรม"",","id: 135,",1694,"collections: [PolicyCategory/30,PolicyCategory/31,PolicyOccupation/48]",เปลี่ยน สปก. เป็นโฉนดอย่างเป็นธรรม,135,,,
136,"title: ""เปลี่ยนนิคมสหกรณ์เป็นโฉนดทันที"",","id: 136,",1706,"collections: [PolicyCategory/30,PolicyTopList/77,PolicyCategory/31,PolicyOccupation/48]",เปลี่ยนนิคมสหกรณ์เป็นโฉนดทันที,136,,,
137,"title: ""ตั้งธนาคารที่ดิน กระจายการถือครองที่ดินให้ประชาชน"",","id: 137,",1719,"collections: [PolicyCategory/30,PolicyCategory/31,PolicyOccupation/48]",ตั้งธนาคารที่ดิน กระจายการถือครองที่ดินให้ประชาชน,137,,,
138,"title: ""เปลี่ยนระบบภาษีที่ดิน ลดความเหลื่อมล้ำในการถือครองที่ดิน"",","id: 138,",1731,"collections: [PolicyCategory/30,PolicyCategory/31,PolicyOccupation/48]",เปลี่ยนระบบภาษีที่ดิน ลดความเหลื่อมล้ำในการถือครองที่ดิน,138,,,
139,"title: ""ปลดหนี้ ธ.ก.ส. เกษตรกรสูงวัย จ่ายหนี้ถึงครึ่ง รัฐยกอีกครึ่งให้ทันที"",","id: 139,",1743,"collections: [PolicyCategory/30,PolicyCategory/32,PolicyOccupation/48]",ปลดหนี้ ธ.ก.ส. เกษตรกรสูงวัย จ่ายหนี้ถึงครึ่ง รัฐยกอีกครึ่งให้ทันที,139,,,
140,"title: ""ต้นไม้ปลดหนี้ - รัฐเช่าที่เกษตรกรปลูกไม้มีค่า ปลดหนี้ตั้งแต่วันแรก แถมต้นไม้ใน 20 ปี"",","id: 140,",1755,"collections: [PolicyCategory/30,PolicyCategory/32,PolicyOccupation/48]",ต้นไม้ปลดหนี้ - รัฐเช่าที่เกษตรกรปลูกไม้มีค่า ปลดหนี้ตั้งแต่วันแรก แถมต้นไม้ใน 20 ปี,140,,,
141,"title: ""หลังคาปลดหนี้ - รัฐติดแผงโซลาร์ให้ฟรี เกษตรกรขายไฟฟ้าปลดหนี้"",","id: 141,",1767,"collections: [PolicyCategory/30,PolicyCategory/32,PolicyOccupation/48]",หลังคาปลดหนี้ - รัฐติดแผงโซลาร์ให้ฟรี เกษตรกรขายไฟฟ้าปลดหนี้,141,,,
142,"title: ""หมดยุคหาเงินจ่ายดอก ทุกบาทที่จ่ายหนี้ต้องลดเงินต้นก่อนดอกเบี้ย"",","id: 142,",1779,"collections: [PolicyCategory/30,PolicyCategory/32,PolicyOccupation/48]",หมดยุคหาเงินจ่ายดอก ทุกบาทที่จ่ายหนี้ต้องลดเงินต้นก่อนดอกเบี้ย,142,,,
143,"title: ""กระจายงบพัฒนาแหล่งน้ำให้ท้องถิ่น ครอบคลุมพื้นที่นอกเขตชลประทาน"",","id: 143,",1791,"collections: [PolicyCategory/30,PolicyOccupation/43,PolicyCategory/33,PolicyOccupation/48]",กระจายงบพัฒนาแหล่งน้ำให้ท้องถิ่น ครอบคลุมพื้นที่นอกเขตชลประทาน,143,,,
144,"title: ""ซื้อ 1 แถม 1 ปุ๋ยสั่งตัด - แม่ปุ๋ยราคาถูก ผ่านสหกรณ์-กลุ่มเกษตร-วิสาหกิจชุมชน"",","id: 144,",1804,"collections: [PolicyCategory/30,PolicyCategory/33,PolicyOccupation/48]",ซื้อ 1 แถม 1 ปุ๋ยสั่งตัด - แม่ปุ๋ยราคาถูก ผ่านสหกรณ์-กลุ่มเกษตร-วิสาหกิจชุมชน,144,,,
145,"title: ""สนับสนุนการเลี้ยงสัตว์ ลดต้นทุน เพิ่มเงินทุน ขยายตลาด"",","id: 145,",1816,"collections: [PolicyCategory/30,PolicyCategory/33,PolicyOccupation/48]",สนับสนุนการเลี้ยงสัตว์ ลดต้นทุน เพิ่มเงินทุน ขยายตลาด,145,,,
146,"title: ""ดอกเบี้ย 0% ผ่อนโดรน รถไถ รถดำนา เครื่องจักรการเกษตร"",","id: 146,",1828,"collections: [PolicyCategory/30,PolicyCategory/33,PolicyOccupation/48]",ดอกเบี้ย 0% ผ่อนโดรน รถไถ รถดำนา เครื่องจักรการเกษตร,146,,,
147,"title: ""สุราก้าวหน้า เพิ่มมูลค่าสินค้าเกษตร"",","id: 147,",1840,"collections: [PolicyCategory/30,PolicyCategory/34,PolicyOccupation/48,PolicyTopList/78,PolicyCategory/71]",สุราก้าวหน้า เพิ่มมูลค่าสินค้าเกษตร,147,,,
148,"title: ""พัฒนาสินค้าชุมชน - 1 ท้องถิ่น 1 โรงงานแปรรูปสินค้าเกษตร"",","id: 148,",1854,"collections: [PolicyCategory/30,PolicyOccupation/43,PolicyCategory/34,PolicyOccupation/48]",พัฒนาสินค้าชุมชน - 1 ท้องถิ่น 1 โรงงานแปรรูปสินค้าเกษตร,148,,,
149,"title: ""อาหารโรงเรียน-โรงพยาบาลจากชุมชน ตัดวงจรสินค้าเกษตร ไม่ผ่านพ่อค้าคนกลาง"",","id: 149,",1867,"collections: [PolicyCategory/30,PolicyCategory/34,PolicyOccupation/48]",อาหารโรงเรียน-โรงพยาบาลจากชุมชน ตัดวงจรสินค้าเกษตร ไม่ผ่านพ่อค้าคนกลาง,149,,,
150,"title: ""เปิดตลาดโลก เดินสาย-เจรจาประเทศคู่ค้า สร้างโอกาสเกษตรกรไทย"",","id: 150,",1879,"collections: [PolicyCategory/30,PolicyCategory/34,PolicyOccupation/48]",เปิดตลาดโลก เดินสาย-เจรจาประเทศคู่ค้า สร้างโอกาสเกษตรกรไทย,150,,,
151,"title: ""รับรองมาตรฐาน GAP-GMP-เกษตรอินทรีย์ ฟรี! ส่งสินค้าเกษตรคุณภาพดีไปทั่วโลก"",","id: 151,",1891,"collections: [PolicyCategory/30,PolicyCategory/35,PolicyOccupation/48]",รับรองมาตรฐาน GAP-GMP-เกษตรอินทรีย์ ฟรี! ส่งสินค้าเกษตรคุณภาพดีไปทั่วโลก,151,,,
152,"title: ""“เกษตรข้ามรุ่น” - จ้างเกษตรกรรุ่นใหม่ สอนเกษตรกรวัยเก๋าใช้เทคโนโลยี"",","id: 152,",1903,"collections: [PolicyCategory/30,PolicyCategory/35,PolicyOccupation/48]",“เกษตรข้ามรุ่น” - จ้างเกษตรกรรุ่นใหม่ สอนเกษตรกรวัยเก๋าใช้เทคโนโลยี,152,,,
153,"title: ""ปลดล็อกฟาร์มสเตย์ เปลี่ยนไร่นาเป็นรายได้ สร้างอุตสาหกรรมท่องเที่ยวเชิงเกษตร"",","id: 153,",1915,"collections: [PolicyCategory/30,PolicyCategory/35,PolicyOccupation/48]",ปลดล็อกฟาร์มสเตย์ เปลี่ยนไร่นาเป็นรายได้ สร้างอุตสาหกรรมท่องเที่ยวเชิงเกษตร,153,,,
154,"title: ""ดูแลกลไกการตลาดสินค้าเกษตรให้มีความเป็นธรรม"",","id: 154,",1927,"collections: [PolicyCategory/30,PolicyCategory/35,PolicyOccupation/48]",ดูแลกลไกการตลาดสินค้าเกษตรให้มีความเป็นธรรม,154,,,
155,"title: ""จดทะเบียน-ต่อทะเบียนเรือได้ผ่านมือถือ"",","id: 155,",1939,"collections: [PolicyCategory/30,PolicyCategory/36,PolicyOccupation/49]",จดทะเบียน-ต่อทะเบียนเรือได้ผ่านมือถือ,155,,,
156,"title: ""ฟรีประกันภัยเรือล่มเอกชน"",","id: 156,",1951,"collections: [PolicyCategory/30,PolicyCategory/36,PolicyOccupation/49]",ฟรีประกันภัยเรือล่มเอกชน,156,,,
157,"title: ""บัตรชมพู และ Seabook ทดแทนกันได้ ใบเดียวจบ"",","id: 157,",1963,"collections: [PolicyCategory/30,PolicyCategory/36,PolicyOccupation/49]",บัตรชมพู และ Seabook ทดแทนกันได้ ใบเดียวจบ,157,,,
158,"title: ""หยุดบังคับติดตั้งระบบ AIS"",","id: 158,",1975,"collections: [PolicyCategory/30,PolicyTopList/77,PolicyCategory/36,PolicyOccupation/49]",หยุดบังคับติดตั้งระบบ AIS,158,,,
159,"title: ""กระจายอำนาจการประมงให้ท้องถิ่น-ชาวประมง"",","id: 159,",1988,"collections: [PolicyCategory/30,PolicyOccupation/43,PolicyCategory/36,PolicyOccupation/49,PolicyTopList/78]",กระจายอำนาจการประมงให้ท้องถิ่น-ชาวประมง,159,,,
160,"title: ""คืนชีวิตให้ประมงพื้นบ้าน"",","id: 160,",2002,"collections: [PolicyCategory/30,PolicyCategory/36,PolicyOccupation/49]",คืนชีวิตให้ประมงพื้นบ้าน,160,,,
161,"title: ""เปลี่ยนบทลงโทษที่ไม่เป็นธรรมกับผู้ประกอบอาชีพประมง"",","id: 161,",2014,"collections: [PolicyCategory/30,PolicyCategory/36,PolicyOccupation/49,PolicyTopList/78]",เปลี่ยนบทลงโทษที่ไม่เป็นธรรมกับผู้ประกอบอาชีพประมง,161,,,
162,"title: ""รักษาสัญญา ซื้อเรือประมงที่ยังไม่ซื้อคืนทั้งหมด (เหลืออีก 3,000 ลำ)"",","id: 162,",2027,"collections: [PolicyCategory/30,PolicyCategory/36,PolicyOccupation/49]","รักษาสัญญา ซื้อเรือประมงที่ยังไม่ซื้อคืนทั้งหมด (เหลืออีก 3,000 ลำ)",162,,,
163,"title: ""คืนชีวิตเรือประมงนอกน่านน้ำ ภายใต้กติกาสากล"",","id: 163,",2039,"collections: [PolicyCategory/30,PolicyCategory/36,PolicyOccupation/49,PolicyTopList/78]",คืนชีวิตเรือประมงนอกน่านน้ำ ภายใต้กติกาสากล,163,,,
164,"title: ""เปิดตลาดซื้อ-ขายไฟฟ้าเสรี รัฐดูแลระบบสายส่ง"",","id: 164,",2052,"collections: [PolicyCategory/37,PolicyCategory/38,PolicyCategory/52,PolicyCategory/53,PolicyCategory/71]",เปิดตลาดซื้อ-ขายไฟฟ้าเสรี รัฐดูแลระบบสายส่ง,164,,,
165,"title: ""“ค่าไฟแฟร์” ถูกและเป็นธรรมสำหรับประชาชน"",","id: 165,",2066,"collections: [PolicyCategory/37,PolicyCategory/38,PolicyCategory/52,PolicyTopList/76,PolicyCategory/53,PolicyTopList/77,PolicyCategory/71]",“ค่าไฟแฟร์” ถูกและเป็นธรรมสำหรับประชาชน,165,,,
166,"title: ""“หลังคาสร้างรายได้” เปิดเสรีโซลาร์เซลล์ ประกันราคาซื้อพลังงานสะอาดสำหรับครัวเรือน"",","id: 166,",2082,"collections: [PolicyCategory/37,PolicyCategory/38,PolicyCategory/52,PolicyCategory/53,PolicyTopList/77]",“หลังคาสร้างรายได้” เปิดเสรีโซลาร์เซลล์ ประกันราคาซื้อพลังงานสะอาดสำหรับครัวเรือน,166,,,
167,"title: ""เลิกโรงไฟฟ้าถ่านหินทั้งหมดภายใน 2035"",","id: 167,",2096,"collections: [PolicyCategory/52,PolicyCategory/53]",เลิกโรงไฟฟ้าถ่านหินทั้งหมดภายใน 2035,167,,,
168,"title: ""กำจัดการเผาภาคเกษตรภายใน 3 ปี พร้อมงบปรับตัว 3 ล้านบาทต่อตำบล (1,000 ตำบลเสี่ยง)"",","id: 168,",2107,"collections: [PolicyCategory/52,PolicyCategory/53]","กำจัดการเผาภาคเกษตรภายใน 3 ปี พร้อมงบปรับตัว 3 ล้านบาทต่อตำบล (1,000 ตำบลเสี่ยง)",168,,,
169,"title: ""ส่งเสริมแปรรูปฟางข้าวหรือซังข้าวโพด เกษตรกรขายแทนเผา"",","id: 169,",2118,"collections: [PolicyCategory/52,PolicyCategory/53]",ส่งเสริมแปรรูปฟางข้าวหรือซังข้าวโพด เกษตรกรขายแทนเผา,169,,,
170,"title: ""ปลูกข้าว “เปียกสลับแห้ง” ได้ครบวงจร"",","id: 170,",2129,"collections: [PolicyCategory/52,PolicyCategory/53]",ปลูกข้าว “เปียกสลับแห้ง” ได้ครบวงจร,170,,,
171,"title: ""เพิ่มบ่อหมักก๊าซชีวภาพสำหรับฟาร์มปศุสัตว์"",","id: 171,",2140,"collections: [PolicyCategory/52,PolicyCategory/53]",เพิ่มบ่อหมักก๊าซชีวภาพสำหรับฟาร์มปศุสัตว์,171,,,
172,"title: ""กำหนดเพดานปล่อยก๊าซเรือนกระจกรายอุตสาหกรรม เปิดตลาดค้าขายแลกเปลี่ยน (cap & trade)"",","id: 172,",2151,"collections: [PolicyCategory/52,PolicyTopList/76,PolicyCategory/53]",กำหนดเพดานปล่อยก๊าซเรือนกระจกรายอุตสาหกรรม เปิดตลาดค้าขายแลกเปลี่ยน (cap & trade),172,,,
173,"title: ""เปิดเผยข้อมูลมลพิษและก๊าซเรือนกระจก (PRTR)"",","id: 173,",2163,"collections: [PolicyCategory/52,PolicyCategory/53,PolicyTopList/78]",เปิดเผยข้อมูลมลพิษและก๊าซเรือนกระจก (PRTR),173,,,
174,"title: ""รถเมล์ไฟฟ้าทุกคันภายใน 7 ปี"",","id: 174,",2175,"collections: [PolicyCategory/37,PolicyCategory/42,PolicyCategory/52,PolicyCategory/53]",รถเมล์ไฟฟ้าทุกคันภายใน 7 ปี,174,,,
175,"title: ""“วันขึ้นขนส่งมวลชนฟรี” ลดใช้รถส่วนตัว"",","id: 175,",2188,"collections: [PolicyCategory/52,PolicyCategory/53]",“วันขึ้นขนส่งมวลชนฟรี” ลดใช้รถส่วนตัว,175,,,
176,"title: ""เปลี่ยนรถไฟดีเซลเป็นรถไฟไฟฟ้า"",","id: 176,",2199,"collections: [PolicyCategory/52,PolicyCategory/53]",เปลี่ยนรถไฟดีเซลเป็นรถไฟไฟฟ้า,176,,,
177,"title: ""ตรวจเช็คสภาพรถยนต์ส่วนตัวฟรี ในช่วง 3 เดือนสุดท้ายของทุกปี"",","id: 177,",2210,"collections: [PolicyCategory/52,PolicyCategory/53]",ตรวจเช็คสภาพรถยนต์ส่วนตัวฟรี ในช่วง 3 เดือนสุดท้ายของทุกปี,177,,,
178,"title: ""ควบคุมปริมาณรถบรรทุกที่เข้ามาในเขตเมือง"",","id: 178,",2221,"collections: [PolicyCategory/52,PolicyCategory/53]",ควบคุมปริมาณรถบรรทุกที่เข้ามาในเขตเมือง,178,,,
179,"title: ""เพิ่มค่าบริการขยะอาหารสำหรับห้างใหญ่ บังคับแยกขยะ-เก็บข้อมูล-ทำบัญชีขยะอาหาร"",","id: 179,",2232,"collections: [PolicyCategory/52,PolicyCategory/53]",เพิ่มค่าบริการขยะอาหารสำหรับห้างใหญ่ บังคับแยกขยะ-เก็บข้อมูล-ทำบัญชีขยะอาหาร,179,,,
180,"title: ""เปลี่ยนอาหารเหลือทิ้งเป็นเงิน - ลด 1 กิโล ได้ 1 บาท แถมคูปองอาหารอินทรีย์"",","id: 180,",2243,"collections: [PolicyCategory/52,PolicyCategory/53]",เปลี่ยนอาหารเหลือทิ้งเป็นเงิน - ลด 1 กิโล ได้ 1 บาท แถมคูปองอาหารอินทรีย์,180,,,
181,"title: ""ต้นไม้ปลดหนี้ (เพิ่มป่า 1 ล้านไร่)"",","id: 181,",2254,"collections: [PolicyCategory/52,PolicyCategory/53]",ต้นไม้ปลดหนี้ (เพิ่มป่า 1 ล้านไร่),181,,,
182,"title: ""ต้นไม้บำนาญ (เพิ่มป่า 1.5 ล้านไร่)"",","id: 182,",2265,"collections: [PolicyCategory/52,PolicyCategory/53]",ต้นไม้บำนาญ (เพิ่มป่า 1.5 ล้านไร่),182,,,
183,"title: ""ต้นไม้ทุนรัฐบาล (เพิ่มป่า 1.5 ล้านไร่)"",","id: 183,",2276,"collections: [PolicyCategory/52,PolicyCategory/53]",ต้นไม้ทุนรัฐบาล (เพิ่มป่า 1.5 ล้านไร่),183,,,
184,"title: ""ต้นไม้ชุมชน (เพิ่มป่า 1 ล้านไร่)"",","id: 184,",2287,"collections: [PolicyCategory/52,PolicyCategory/53]",ต้นไม้ชุมชน (เพิ่มป่า 1 ล้านไร่),184,,,
185,"title: ""เพิ่มพื้นที่สีเขียวในเมือง"",","id: 185,",2298,"collections: [PolicyCategory/52,PolicyCategory/53]",เพิ่มพื้นที่สีเขียวในเมือง,185,,,
186,"title: ""สร้างงานสีเขียวเกิน 1 แสนตำแหน่ง"",","id: 186,",2309,"collections: [PolicyCategory/52,PolicyCategory/53]",สร้างงานสีเขียวเกิน 1 แสนตำแหน่ง,186,,,
187,"title: ""งบวิจัย & พัฒนา (R&D) เทคโนโลยีลดโลกร้อน"",","id: 187,",2320,"collections: [PolicyCategory/52,PolicyCategory/53]",งบวิจัย & พัฒนา (R&D) เทคโนโลยีลดโลกร้อน,187,,,
188,"title: ""กองทุนปรับตัวรับมือภัยพิบัติ-น้ำท่วม"",","id: 188,",2331,"collections: [PolicyCategory/52,PolicyCategory/54]",กองทุนปรับตัวรับมือภัยพิบัติ-น้ำท่วม,188,,,
189,"title: ""เตือนภัยธรรมชาติทั่วถึง ครอบคลุมทุกพื้นที่"",","id: 189,",2342,"collections: [PolicyCategory/52,PolicyCategory/54]",เตือนภัยธรรมชาติทั่วถึง ครอบคลุมทุกพื้นที่,189,,,
190,"title: ""ท้องถิ่นประกาศเขตพื้นที่ภัยพิบัติได้"",","id: 190,",2353,"collections: [PolicyOccupation/43,PolicyCategory/52,PolicyCategory/54]",ท้องถิ่นประกาศเขตพื้นที่ภัยพิบัติได้,190,,,
191,"title: ""ทบทวนแผนการบริหารจัดการน้ำทั้งหมดรายลุ่มน้ำ"",","id: 191,",2365,"collections: [PolicyCategory/52,PolicyCategory/54]",ทบทวนแผนการบริหารจัดการน้ำทั้งหมดรายลุ่มน้ำ,191,,,
192,"title: ""ศูนย์พักพิง-อพยพมีมาตรฐาน ท้องถิ่นมีอำนาจและงบประมาณ"",","id: 192,",2376,"collections: [PolicyOccupation/43,PolicyCategory/52,PolicyCategory/54]",ศูนย์พักพิง-อพยพมีมาตรฐาน ท้องถิ่นมีอำนาจและงบประมาณ,192,,,
193,"title: ""ชดเชย-เยียวยาน้ำท่วม เป็นธรรมและทันควัน"",","id: 193,",2388,"collections: [PolicyCategory/52,PolicyCategory/54]",ชดเชย-เยียวยาน้ำท่วม เป็นธรรมและทันควัน,193,,,
194,"title: ""ประกันภัยพืชผล ฟรี ในทุกพื้นที่รับน้ำ"",","id: 194,",2399,"collections: [PolicyCategory/52,PolicyCategory/54]",ประกันภัยพืชผล ฟรี ในทุกพื้นที่รับน้ำ,194,,,
195,"title: ""แบนโฟม และ หลอด-แก้ว-ถุงพลาสติกที่ใช้ครั้งเดียวทิ้ง"",","id: 195,",2410,"collections: [PolicyCategory/52,PolicyCategory/55]",แบนโฟม และ หลอด-แก้ว-ถุงพลาสติกที่ใช้ครั้งเดียวทิ้ง,195,,,
196,"title: ""เก็บภาษีถุงพลาสติกเข้ากองทุนสิ่งแวดล้อม"",","id: 196,",2421,"collections: [PolicyCategory/52,PolicyCategory/55]",เก็บภาษีถุงพลาสติกเข้ากองทุนสิ่งแวดล้อม,196,,,
197,"title: ""ยกเลิกคำสั่ง คสช. ด้านขยะอุตสาหกรรม ให้อำนาจท้องถิ่นปิดโรงงานชั่วคราว"",","id: 197,",2432,"collections: [PolicyOccupation/43,PolicyCategory/52,PolicyCategory/55]",ยกเลิกคำสั่ง คสช. ด้านขยะอุตสาหกรรม ให้อำนาจท้องถิ่นปิดโรงงานชั่วคราว,197,,,
198,"title: ""ยกเลิกการนำเข้าขยะจากต่างประเทศ"",","id: 198,",2444,"collections: [PolicyCategory/52,PolicyCategory/55]",ยกเลิกการนำเข้าขยะจากต่างประเทศ,198,,,
199,"title: ""ออกธรรมนูญจัดการขยะ กำหนดมาตรฐานทั่วประเทศ"",","id: 199,",2455,"collections: [PolicyCategory/52,PolicyCategory/55]",ออกธรรมนูญจัดการขยะ กำหนดมาตรฐานทั่วประเทศ,199,,,
200,"title: ""เครือข่ายเฝ้าระวัง (watchdog) และระบบร้องเรียน (hotline) ด้านสิ่งแวดล้อม"",","id: 200,",2466,"collections: [PolicyCategory/52,PolicyCategory/55]",เครือข่ายเฝ้าระวัง (watchdog) และระบบร้องเรียน (hotline) ด้านสิ่งแวดล้อม,200,,,
201,"title: ""ออก ‘กฎหมายหมอกควันข้ามพรมแดน’ ควบคุมการรับซื้อหรือนำเข้าสินค้าเกษตรที่มาจากการเผาในประเทศเพื่อนบ้าน"",","id: 201,",2477,"collections: [PolicyCategory/52,PolicyCategory/56]",ออก ‘กฎหมายหมอกควันข้ามพรมแดน’ ควบคุมการรับซื้อหรือนำเข้าสินค้าเกษตรที่มาจากการเผาในประเทศเพื่อนบ้าน,201,,,
202,"title: ""เพิ่มแรงจูงใจให้เกษตรกรในการลดการเผา"",","id: 202,",2488,"collections: [PolicyCategory/52,PolicyCategory/56]",เพิ่มแรงจูงใจให้เกษตรกรในการลดการเผา,202,,,
203,"title: ""เพิ่มเป้าหมายค่ามาตรฐานคุณภาพอากาศของประเทศไทย"",","id: 203,",2499,"collections: [PolicyCategory/52,PolicyCategory/56]",เพิ่มเป้าหมายค่ามาตรฐานคุณภาพอากาศของประเทศไทย,203,,,
204,"title: ""เพิ่มประสิทธิภาพการตรวจวัด-แจ้งเตือน-ตรวจสอบเรื่องฝุ่น"",","id: 204,",2510,"collections: [PolicyCategory/52,PolicyCategory/56]",เพิ่มประสิทธิภาพการตรวจวัด-แจ้งเตือน-ตรวจสอบเรื่องฝุ่น,204,,,
205,"title: ""สนับสนุน พ.ร.บ. อากาศสะอาด"",","id: 205,",2521,"collections: [PolicyCategory/52,PolicyCategory/56]",สนับสนุน พ.ร.บ. อากาศสะอาด,205,,,
206,"title: ""กำหนดมาตรฐานเกี่ยวกับการติดป้ายโฆษณา"",","id: 206,",2532,"collections: [PolicyCategory/52,PolicyCategory/57]",กำหนดมาตรฐานเกี่ยวกับการติดป้ายโฆษณา,206,,,
207,"title: ""ส่งเสริม “พื้นที่อนุรักษ์ด้านความมืด”"",","id: 207,",2543,"collections: [PolicyCategory/52,PolicyCategory/57]",ส่งเสริม “พื้นที่อนุรักษ์ด้านความมืด”,207,,,
208,"title: ""แก้ปัญหากัดเซาะชายฝั่ง สนับสนุนมาตรการสีขาว-สีเขียว"",","id: 208,",2554,"collections: [PolicyCategory/52,PolicyCategory/58]",แก้ปัญหากัดเซาะชายฝั่ง สนับสนุนมาตรการสีขาว-สีเขียว,208,,,
209,"title: ""แก้ปัญหากัดเซาะชายฝั่ง มาตรการสีเทาทุกโครงการต้องผ่าน EIA"",","id: 209,",2565,"collections: [PolicyCategory/52,PolicyCategory/58]",แก้ปัญหากัดเซาะชายฝั่ง มาตรการสีเทาทุกโครงการต้องผ่าน EIA,209,,,
210,"title: ""ชดเชย-เยียวยาเหยื่อช้างป่า เป็นธรรมและทันควัน"",","id: 210,",2576,"collections: [PolicyCategory/52,PolicyCategory/59]",ชดเชย-เยียวยาเหยื่อช้างป่า เป็นธรรมและทันควัน,210,,,
211,"title: ""จัดตั้งทีมอาสาป้องกันช้างป่าในทุกหมู่บ้านเสี่ยง (300 หมู่บ้าน)"",","id: 211,",2587,"collections: [PolicyCategory/52,PolicyCategory/59]",จัดตั้งทีมอาสาป้องกันช้างป่าในทุกหมู่บ้านเสี่ยง (300 หมู่บ้าน),211,,,
212,"title: ""จัดตั้งศูนย์บัญชาการการป้องกันช้างป่า (war room)"",","id: 212,",2598,"collections: [PolicyCategory/52,PolicyCategory/59]",จัดตั้งศูนย์บัญชาการการป้องกันช้างป่า (war room),212,,,
213,"title: ""พัฒนาเทคโนโลยีระบบติดตามเฝ้าระวังช้างป่า (ปลอกคอ GPS / กล้องดักภาพ AI / โดรน)"",","id: 213,",2609,"collections: [PolicyCategory/52,PolicyCategory/59]",พัฒนาเทคโนโลยีระบบติดตามเฝ้าระวังช้างป่า (ปลอกคอ GPS / กล้องดักภาพ AI / โดรน),213,,,
214,"title: ""ล่อช้างกลับป่า-พื้นที่อาศัยเฉพาะของช้าง และทดลองแนว-คูกันช้าง"",","id: 214,",2620,"collections: [PolicyCategory/52,PolicyCategory/59]",ล่อช้างกลับป่า-พื้นที่อาศัยเฉพาะของช้าง และทดลองแนว-คูกันช้าง,214,,,
215,"title: ""ลดกิจกรรมมนุษย์-ราชการ เพื่อลดการสัญจรในพื้นที่อาศัยของช้างป่า"",","id: 215,",2631,"collections: [PolicyCategory/52,PolicyCategory/59]",ลดกิจกรรมมนุษย์-ราชการ เพื่อลดการสัญจรในพื้นที่อาศัยของช้างป่า,215,,,
216,"title: ""จัดทำพื้นที่อาศัยถาวรสำหรับช้างป่า"",","id: 216,",2642,"collections: [PolicyCategory/52,PolicyCategory/59]",จัดทำพื้นที่อาศัยถาวรสำหรับช้างป่า,216,,,
217,"title: ""ทดลองนำร่องการท่องเที่ยวแนวซาฟารี ในพื้นที่ช้างป่า"",","id: 217,",2653,"collections: [PolicyCategory/52,PolicyCategory/59]",ทดลองนำร่องการท่องเที่ยวแนวซาฟารี ในพื้นที่ช้างป่า,217,,,
218,"title: ""ฉีดวัคซีน-ทำหมัน ให้ทั้งหมาแมวบ้านและหมาแมวจรในพื้นที่"",","id: 218,",2664,"collections: [PolicyCategory/52,PolicyCategory/60]",ฉีดวัคซีน-ทำหมัน ให้ทั้งหมาแมวบ้านและหมาแมวจรในพื้นที่,218,,,
219,"title: ""บัตรประชาชน หมา-แมว"",","id: 219,",2675,"collections: [PolicyCategory/52,PolicyCategory/60]",บัตรประชาชน หมา-แมว,219,,,
220,"title: ""สถานพักพิงหมาแมวจรมีมาตรฐาน"",","id: 220,",2686,"collections: [PolicyCategory/52,PolicyCategory/60]",สถานพักพิงหมาแมวจรมีมาตรฐาน,220,,,
221,"title: ""รับเลี้ยงหมาแมวจร แถมฟรีประกันสุขภาพสัตว์"",","id: 221,",2697,"collections: [PolicyCategory/52,PolicyCategory/60]",รับเลี้ยงหมาแมวจร แถมฟรีประกันสุขภาพสัตว์,221,,,
222,"title: ""ส่งเสริมการประเมินผลกระทบสิ่งแวดล้อมเชิงยุทธศาสตร์ (SEA) ของโครงการ"",","id: 222,",2708,"collections: [PolicyCategory/52,PolicyCategory/61]",ส่งเสริมการประเมินผลกระทบสิ่งแวดล้อมเชิงยุทธศาสตร์ (SEA) ของโครงการ,222,,,
223,"title: ""ตรวจสุขภาพประจำปี ฟรีทั้งค่าตรวจ-ค่าเดินทาง"",","id: 223,",2719,"collections: [PolicyOccupation/4,PolicyCategory/62,PolicyOccupation/64,PolicyTopList/76,PolicyOccupation/47,PolicyCategory/63]",ตรวจสุขภาพประจำปี ฟรีทั้งค่าตรวจ-ค่าเดินทาง,223,,,
224,"title: ""ตรวจสุขภาพประจำปี รวมคัดกรองมะเร็ง 6 ชนิดฟรี  สำหรับกลุ่มเสี่ยง"",","id: 224,",2734,"collections: [PolicyCategory/62,PolicyOccupation/64,PolicyCategory/63]",ตรวจสุขภาพประจำปี รวมคัดกรองมะเร็ง 6 ชนิดฟรี  สำหรับกลุ่มเสี่ยง,224,,,
225,"title: ""วัคซีนเพิ่มเติมฟรีในเด็กและผู้ใหญ่"",","id: 225,",2746,"collections: [PolicyCategory/62,PolicyCategory/63]",วัคซีนเพิ่มเติมฟรีในเด็กและผู้ใหญ่,225,,,
226,"title: ""แว่นตาฟรีถึง 18 ปี"",","id: 226,",2757,"collections: [PolicyOccupation/45,PolicyCategory/62,PolicyCategory/63]",แว่นตาฟรีถึง 18 ปี,226,,,
227,"title: ""สุขภาพดี มีรางวัล (Health Score)"",","id: 227,",2769,"collections: [PolicyCategory/62,PolicyOccupation/64,PolicyCategory/63]",สุขภาพดี มีรางวัล (Health Score),227,,,
228,"title: ""ทบทวนสิทธิประโยชน์ของกองทุนหลักประกันสุขภาพ และกองทุนประกันสังคม"",","id: 228,",2781,"collections: [PolicyCategory/62,PolicyCategory/63]",ทบทวนสิทธิประโยชน์ของกองทุนหลักประกันสุขภาพ และกองทุนประกันสังคม,228,,,
229,"title: ""ตรวจสุขภาพประจำปี ต้องมีตรวจสุขภาพจิตด้วย"",","id: 229,",2792,"collections: [PolicyCategory/62,PolicyOccupation/64,PolicyCategory/65]",ตรวจสุขภาพประจำปี ต้องมีตรวจสุขภาพจิตด้วย,229,,,
230,"title: ""ดูแลสุขภาพจิตครบวงจร เพิ่มบุคลากร-ขยายบัญชียา-ใช้เทคโนโลยี"",","id: 230,",2804,"collections: [PolicyCategory/62,PolicyOccupation/64,PolicyCategory/65]",ดูแลสุขภาพจิตครบวงจร เพิ่มบุคลากร-ขยายบัญชียา-ใช้เทคโนโลยี,230,,,
231,"title: ""คลินิกเยาวชน ปรึกษาได้ ไม่ต้องรายงานผู้ปกครอง-โรงเรียน"",","id: 231,",2816,"collections: [PolicyOccupation/45,PolicyCategory/62,PolicyCategory/65]",คลินิกเยาวชน ปรึกษาได้ ไม่ต้องรายงานผู้ปกครอง-โรงเรียน,231,,,
232,"title: ""สร้างสังคมที่เอื้อต่อการมีสุขภาพจิตที่ดี"",","id: 232,",2828,"collections: [PolicyOccupation/4,PolicyOccupation/45,PolicyCategory/62,PolicyOccupation/47,PolicyCategory/65]",สร้างสังคมที่เอื้อต่อการมีสุขภาพจิตที่ดี,232,,,
233,"title: ""สร้างแนวหน้าสุขภาพจิต ช่วยดูแล-บำบัด-ฟื้นฟูสุขภาพจิตของคนใกล้ตัว"",","id: 233,",2842,"collections: [PolicyOccupation/4,PolicyCategory/62,PolicyOccupation/64,PolicyOccupation/47,PolicyCategory/65]",สร้างแนวหน้าสุขภาพจิต ช่วยดูแล-บำบัด-ฟื้นฟูสุขภาพจิตของคนใกล้ตัว,233,,,
234,"title: ""ยกระดับ รพ. สต. และศูนย์สาธารณสุขชุมชน Primary Care Unit (PCU)"",","id: 234,",2856,"collections: [PolicyCategory/62,PolicyOccupation/64,PolicyCategory/66]",ยกระดับ รพ. สต. และศูนย์สาธารณสุขชุมชน Primary Care Unit (PCU),234,,,
235,"title: ""ปลดล็อกระบบการแพทย์ออนไลน์ Telemedicine"",","id: 235,",2868,"collections: [PolicyCategory/62,PolicyOccupation/64,PolicyCategory/66]",ปลดล็อกระบบการแพทย์ออนไลน์ Telemedicine,235,,,
236,"title: ""ยุติการตั้งครรภ์ไม่เกิน 12 สัปดาห์ รับยาฟรี ทุก รพ.สต."",","id: 236,",2880,"collections: [PolicyCategory/62,PolicyCategory/66]",ยุติการตั้งครรภ์ไม่เกิน 12 สัปดาห์ รับยาฟรี ทุก รพ.สต.,236,,,
237,"title: ""ลดความแออัดในโรงพยาบาล - ห้องฉุกเฉิน (ER) กันไว้สำหรับกรณีฉุกเฉิน"",","id: 237,",2891,"collections: [PolicyCategory/62,PolicyOccupation/64,PolicyCategory/67]",ลดความแออัดในโรงพยาบาล - ห้องฉุกเฉิน (ER) กันไว้สำหรับกรณีฉุกเฉิน,237,,,
238,"title: ""ส่งต่อ-หาเตียงแบบไร้รอยต่อ ด้วยศูนย์รวมเตียง-ระบบเชื่อมข้อมูลสุขภาพ"",","id: 238,",2903,"collections: [PolicyCategory/62,PolicyOccupation/64,PolicyCategory/67]",ส่งต่อ-หาเตียงแบบไร้รอยต่อ ด้วยศูนย์รวมเตียง-ระบบเชื่อมข้อมูลสุขภาพ,238,,,
239,"title: ""เพิ่มยอดบริจาคอวัยวะเชิงรุก ถามทุกครั้งที่ทำบัตรประจำตัวประชาชน"",","id: 239,",2915,"collections: [PolicyCategory/62,PolicyOccupation/64,PolicyCategory/67]",เพิ่มยอดบริจาคอวัยวะเชิงรุก ถามทุกครั้งที่ทำบัตรประจำตัวประชาชน,239,,,
240,"title: ""กองทุนดูแลผู้สูงอายุ-ผู้ป่วยติดเตียง งบประมาณเฉลี่ย 9,000 บาท/คน/เดือน"",","id: 240,",2927,"collections: [PolicyCategory/62,PolicyOccupation/64,PolicyCategory/68]","กองทุนดูแลผู้สูงอายุ-ผู้ป่วยติดเตียง งบประมาณเฉลี่ย 9,000 บาท/คน/เดือน",240,,,
241,"title: ""ศูนย์ดูแลผู้ป่วยแบบประคับประคองในชุมชน อย่างน้อยอำเภอละหนึ่งแห่ง"",","id: 241,",2939,"collections: [PolicyCategory/62,PolicyOccupation/64,PolicyCategory/68]",ศูนย์ดูแลผู้ป่วยแบบประคับประคองในชุมชน อย่างน้อยอำเภอละหนึ่งแห่ง,241,,,
242,"title: ""ธนาคารอุปกรณ์ดูแลผู้ป่วยที่บ้าน"",","id: 242,",2951,"collections: [PolicyCategory/62,PolicyOccupation/64,PolicyCategory/68]",ธนาคารอุปกรณ์ดูแลผู้ป่วยที่บ้าน,242,,,
243,"title: ""ลาไปบอกลา - เพิ่มสิทธิวันลาดูแลพ่อ-แม่ที่ป่วยระยะสุดท้าย"",","id: 243,",2963,"collections: [PolicyCategory/62,PolicyCategory/68]",ลาไปบอกลา - เพิ่มสิทธิวันลาดูแลพ่อ-แม่ที่ป่วยระยะสุดท้าย,243,,,
244,"title: ""ตายดี - สิทธิยุติชีวิตตนเองอย่างมีศักดิ์ศรี สำหรับคนที่ป่วยจากโรคทางกายที่รักษาไม่ได้"",","id: 244,",2974,"collections: [PolicyCategory/62,PolicyCategory/68]",ตายดี - สิทธิยุติชีวิตตนเองอย่างมีศักดิ์ศรี สำหรับคนที่ป่วยจากโรคทางกายที่รักษาไม่ได้,244,,,
245,"title: ""ลดชั่วโมงการทำงานบุคลากรทางการแพทย์"",","id: 245,",2985,"collections: [PolicyCategory/62,PolicyCategory/69,PolicyOccupation/64]",ลดชั่วโมงการทำงานบุคลากรทางการแพทย์,245,,,
246,"title: ""ค่าตอบแทนบุคลากรทางการแพทย์เป็นธรรม"",","id: 246,",2997,"collections: [PolicyCategory/62,PolicyCategory/69,PolicyOccupation/64]",ค่าตอบแทนบุคลากรทางการแพทย์เป็นธรรม,246,,,
247,"title: ""พัฒนา อสม. เฉพาะทาง"",","id: 247,",3009,"collections: [PolicyCategory/62,PolicyCategory/69,PolicyOccupation/64]",พัฒนา อสม. เฉพาะทาง,247,,,
248,"title: ""เปลี่ยนอาสากู้ชีพเป็นอาชีพ มีทุนพัฒนาทักษะ-สวัสดิการ"",","id: 248,",3021,"collections: [PolicyCategory/62,PolicyCategory/69,PolicyOccupation/64]",เปลี่ยนอาสากู้ชีพเป็นอาชีพ มีทุนพัฒนาทักษะ-สวัสดิการ,248,,,
249,"title: ""เปลี่ยนปัญหาเป็นอาชีพ สร้างงาน ซ่อมประเทศ"",","id: 249,",3033,"collections: [PolicyCategory/37,PolicyCategory/70]",เปลี่ยนปัญหาเป็นอาชีพ สร้างงาน ซ่อมประเทศ,249,,,
250,"title: ""สร้างความมั่นคงทางพลังงานภายในประเทศ"",","id: 250,",3044,"collections: [PolicyCategory/37,PolicyCategory/38]",สร้างความมั่นคงทางพลังงานภายในประเทศ,250,,,
251,"title: ""เพิ่มรายได้รัฐจากโรงแยกก๊าซ"",","id: 251,",3055,"collections: [PolicyCategory/37,PolicyCategory/38]",เพิ่มรายได้รัฐจากโรงแยกก๊าซ,251,,,
252,"title: ""ลดความแปรปรวนของราคาน้ำมัน"",","id: 252,",3066,"collections: [PolicyCategory/37,PolicyCategory/38]",ลดความแปรปรวนของราคาน้ำมัน,252,,,
253,"title: ""หนี้สินธนาคารรัฐ จ่ายดี ลดดอกเบี้ย"",","id: 253,",3077,"collections: [PolicyOccupation/24,PolicyCategory/37,PolicyOccupation/50,PolicyOccupation/4,PolicyCategory/39,PolicyOccupation/47]",หนี้สินธนาคารรัฐ จ่ายดี ลดดอกเบี้ย,253,,,
254,"title: ""ดอกเบี้ยเงินกู้เป็นธรรม ผ่านการวิเคราะห์ข้อมูลการชำระเงิน"",","id: 254,",3092,"collections: [PolicyCategory/37,PolicyCategory/39]",ดอกเบี้ยเงินกู้เป็นธรรม ผ่านการวิเคราะห์ข้อมูลการชำระเงิน,254,,,
255,"title: ""ประกาศสงครามหนี้นอกระบบ ตั้งงบปรับโครงสร้างหนี้ 1 หมื่นล้านบาท"",","id: 255,",3103,"collections: [PolicyCategory/37,PolicyCategory/39]",ประกาศสงครามหนี้นอกระบบ ตั้งงบปรับโครงสร้างหนี้ 1 หมื่นล้านบาท,255,,,
256,"title: ""หนี้ราชการไม่ท่วมหัว หักไม่เกิน 70% ของเงินเดือน"",","id: 256,",3114,"collections: [PolicyCategory/37,PolicyOccupation/50,PolicyCategory/39,PolicyOccupation/24,PolicyOccupation/4,PolicyOccupation/47]",หนี้ราชการไม่ท่วมหัว หักไม่เกิน 70% ของเงินเดือน,256,,,
257,"title: ""ลดรายจ่าย SME: บรรเทาผลกระทบจากการขึ้นค่าแรงขั้นต่ำ"",","id: 257,",3129,"collections: [PolicyCategory/37,PolicyCategory/40,PolicyOccupation/51]",ลดรายจ่าย SME: บรรเทาผลกระทบจากการขึ้นค่าแรงขั้นต่ำ,257,,,
258,"title: ""ลดรายจ่าย SME: ลดภาษีนิติบุคคล SME ให้เหลือ 0-15%"",","id: 258,",3141,"collections: [PolicyCategory/37,PolicyCategory/40,PolicyOccupation/51]",ลดรายจ่าย SME: ลดภาษีนิติบุคคล SME ให้เหลือ 0-15%,258,,,
259,"title: ""ลดรายจ่าย SME: หักค่าใช้จ่ายเหมาภาษี เพิ่มจาก 60% เป็น 90%"",","id: 259,",3153,"collections: [PolicyCategory/37,PolicyTopList/77,PolicyCategory/40,PolicyOccupation/51]",ลดรายจ่าย SME: หักค่าใช้จ่ายเหมาภาษี เพิ่มจาก 60% เป็น 90%,259,,,
260,"title: ""เพิ่มแต้มต่อให้ SME: หวยใบเสร็จ ซื้อของร้านค้ารายย่อย ทั้งคนซื้อคนขายได้หวย ลุ้นรวยเงินล้าน"",","id: 260,",3166,"collections: [PolicyCategory/37,PolicyTopList/76,PolicyTopList/77,PolicyCategory/40,PolicyOccupation/51]",เพิ่มแต้มต่อให้ SME: หวยใบเสร็จ ซื้อของร้านค้ารายย่อย ทั้งคนซื้อคนขายได้หวย ลุ้นรวยเงินล้าน,260,,,
261,"title: ""เพิ่มแต้มต่อให้ SME: ลดหย่อนภาษีให้ธุรกิจที่ซื้อจาก SME"",","id: 261,",3180,"collections: [PolicyCategory/37,PolicyCategory/40,PolicyOccupation/51]",เพิ่มแต้มต่อให้ SME: ลดหย่อนภาษีให้ธุรกิจที่ซื้อจาก SME,261,,,
262,"title: ""เติมตลาดให้ SME: โควตาชั้นวางสำหรับสินค้า SME ในห้างใหญ่"",","id: 262,",3192,"collections: [PolicyCategory/37,PolicyCategory/40,PolicyOccupation/51]",เติมตลาดให้ SME: โควตาชั้นวางสำหรับสินค้า SME ในห้างใหญ่,262,,,
263,"title: ""เติมตลาดให้ SME: คูปองแลกซื้อสินค้าท้องถิ่น"",","id: 263,",3204,"collections: [PolicyCategory/37,PolicyCategory/40,PolicyOccupation/51]",เติมตลาดให้ SME: คูปองแลกซื้อสินค้าท้องถิ่น,263,,,
264,"title: ""เติมทุนให้ SME: ทุนแสนตั้งตัว 2 แสนราย/ปี & ทุนล้านตั้งตัว 2.5 หมื่นราย/ปี ไม่ต้องวางหลักประกัน"",","id: 264,",3216,"collections: [PolicyCategory/37,PolicyCategory/40,PolicyOccupation/51]",เติมทุนให้ SME: ทุนแสนตั้งตัว 2 แสนราย/ปี & ทุนล้านตั้งตัว 2.5 หมื่นราย/ปี ไม่ต้องวางหลักประกัน,264,,,
265,"title: ""รวมกลุ่ม SME: จัดตั้งสภา SMEs ทุกจังหวัด"",","id: 265,",3228,"collections: [PolicyCategory/37,PolicyCategory/40,PolicyOccupation/51]",รวมกลุ่ม SME: จัดตั้งสภา SMEs ทุกจังหวัด,265,,,
266,"title: ""ปรับปรุงกฎหมายแข่งขันทางการค้า ทลายทุนผูกขาด"",","id: 266,",3240,"collections: [PolicyCategory/37,PolicyCategory/71,PolicyOccupation/51]",ปรับปรุงกฎหมายแข่งขันทางการค้า ทลายทุนผูกขาด,266,,,
267,"title: ""เพิ่มการแข่งขันในธุรกิจการเงิน เพิ่มจำนวนใบอนุญาต Virtual Bank อย่างน้อย 3 เท่า"",","id: 267,",3252,"collections: [PolicyCategory/37,PolicyCategory/71]",เพิ่มการแข่งขันในธุรกิจการเงิน เพิ่มจำนวนใบอนุญาต Virtual Bank อย่างน้อย 3 เท่า,267,,,
268,"title: ""ส่งเสริมและยกระดับการท่องเที่ยวเชิงสุขภาพ (Health & Wellness Tourism)"",","id: 268,",3263,"collections: [PolicyCategory/37,PolicyCategory/72]",ส่งเสริมและยกระดับการท่องเที่ยวเชิงสุขภาพ (Health & Wellness Tourism),268,,,
269,"title: ""ส่งเสริมและยกระดับการท่องเที่ยวสีเขียว (Green Tourism)"",","id: 269,",3274,"collections: [PolicyCategory/37,PolicyCategory/72]",ส่งเสริมและยกระดับการท่องเที่ยวสีเขียว (Green Tourism),269,,,
270,"title: ""ส่งเสริมและยกระดับการท่องเที่ยว-ทำงาน (Workation)"",","id: 270,",3285,"collections: [PolicyCategory/37,PolicyCategory/72]",ส่งเสริมและยกระดับการท่องเที่ยว-ทำงาน (Workation),270,,,
271,"title: ""ปลดล็อกผู้ประกอบการรายย่อยด้านการท่องเที่ยว"",","id: 271,",3296,"collections: [PolicyCategory/37,PolicyCategory/72]",ปลดล็อกผู้ประกอบการรายย่อยด้านการท่องเที่ยว,271,,,
272,"title: ""1 เมือง 1 พิพิธภัณฑ์"",","id: 272,",3307,"collections: [PolicyCategory/37,PolicyCategory/72]",1 เมือง 1 พิพิธภัณฑ์,272,,,
273,"title: ""ส่งเสริมเทศกาลดึงดูดนักท่องเที่ยวตลอดปี"",","id: 273,",3318,"collections: [PolicyCategory/37,PolicyCategory/72]",ส่งเสริมเทศกาลดึงดูดนักท่องเที่ยวตลอดปี,273,,,
274,"title: ""คุ้มครองเสรีภาพทางศิลปะ ยกเลิกการเซนเซอร์"",","id: 274,",3329,"collections: [PolicyCategory/37,PolicyCategory/41,PolicyOccupation/46]",คุ้มครองเสรีภาพทางศิลปะ ยกเลิกการเซนเซอร์,274,,,
275,"title: ""เพิ่มความหลากหลายทางศิลปะ รัฐไม่แทรกแซง-ไม่ทำตัวเป็นตำรวจศีลธรรม-ไม่แช่แข็งวัฒนธรรม"",","id: 275,",3341,"collections: [PolicyCategory/37,PolicyCategory/41,PolicyOccupation/46]",เพิ่มความหลากหลายทางศิลปะ รัฐไม่แทรกแซง-ไม่ทำตัวเป็นตำรวจศีลธรรม-ไม่แช่แข็งวัฒนธรรม,275,,,
276,"title: ""เปลี่ยนกระทรวงวัฒนธรรม เป็นกระทรวงเศรษฐกิจและวัฒนธรรมสร้างสรรค์"",","id: 276,",3353,"collections: [PolicyCategory/37,PolicyCategory/41,PolicyOccupation/46]",เปลี่ยนกระทรวงวัฒนธรรม เป็นกระทรวงเศรษฐกิจและวัฒนธรรมสร้างสรรค์,276,,,
277,"title: ""เพิ่มงบสนับสนุนเศรษฐกิจสร้างสรรค์ 10 เท่า"",","id: 277,",3365,"collections: [PolicyCategory/37,PolicyCategory/41,PolicyOccupation/46]",เพิ่มงบสนับสนุนเศรษฐกิจสร้างสรรค์ 10 เท่า,277,,,
278,"title: ""“ส่งออกได้ รัฐให้ bonus” รัฐส่งเสริมงานสร้างสรรค์ที่เจาะตลาดเวทีโลกได้"",","id: 278,",3377,"collections: [PolicyCategory/37,PolicyCategory/41,PolicyOccupation/46]",“ส่งออกได้ รัฐให้ bonus” รัฐส่งเสริมงานสร้างสรรค์ที่เจาะตลาดเวทีโลกได้,278,,,
279,"title: ""รื้อกฎระเบียบ-ใบอนุญาต ถ่ายทำหนังในไทยได้สะดวก ตั้งเงื่อนไขส่งเสริมคนไทย"",","id: 279,",3389,"collections: [PolicyCategory/37,PolicyCategory/41,PolicyOccupation/46]",รื้อกฎระเบียบ-ใบอนุญาต ถ่ายทำหนังในไทยได้สะดวก ตั้งเงื่อนไขส่งเสริมคนไทย,279,,,
280,"title: ""เพิ่มพื้นที่ผลิตและแสดงงานสร้างสรรค์ (เช่น co-studio แกลเลอรี่)"",","id: 280,",3401,"collections: [PolicyCategory/37,PolicyCategory/41,PolicyOccupation/45,PolicyOccupation/46]",เพิ่มพื้นที่ผลิตและแสดงงานสร้างสรรค์ (เช่น co-studio แกลเลอรี่),280,,,
281,"title: ""กองทุนภาพยนตร์ เพื่อสนับสนุนผู้ผลิตหนังหน้าใหม่"",","id: 281,",3414,"collections: [PolicyCategory/37,PolicyCategory/41,PolicyOccupation/46]",กองทุนภาพยนตร์ เพื่อสนับสนุนผู้ผลิตหนังหน้าใหม่,281,,,
282,"title: ""กำหนดสัดส่วนเวลาฉายขั้นต่ำสำหรับภาพยนตร์ไทย-ท้องถิ่นในโรงหนัง"",","id: 282,",3426,"collections: [PolicyCategory/37,PolicyCategory/41,PolicyOccupation/46]",กำหนดสัดส่วนเวลาฉายขั้นต่ำสำหรับภาพยนตร์ไทย-ท้องถิ่นในโรงหนัง,282,,,
283,"title: ""ทลายการผูกขาดในอุตสาหกรรมสร้างสรรค์"",","id: 283,",3438,"collections: [PolicyCategory/37,PolicyCategory/41,PolicyOccupation/46]",ทลายการผูกขาดในอุตสาหกรรมสร้างสรรค์,283,,,
284,"title: ""คุ้มครองสวัสดิภาพและสิทธิแรงงานสร้างสรรค์และคนทำงานในกองถ่าย"",","id: 284,",3450,"collections: [PolicyCategory/37,PolicyCategory/41,PolicyOccupation/46]",คุ้มครองสวัสดิภาพและสิทธิแรงงานสร้างสรรค์และคนทำงานในกองถ่าย,284,,,
285,"title: ""อาชีพให้บริการทางเพศ (sex worker) ถูกกฎหมาย"",","id: 285,",3462,"collections: [PolicyCategory/37,PolicyCategory/73]",อาชีพให้บริการทางเพศ (sex worker) ถูกกฎหมาย,285,,,
286,"title: ""ปลดล็อกเซ็กซ์ทอย (sex toy) และหนังผู้ใหญ่"",","id: 286,",3473,"collections: [PolicyCategory/37,PolicyCategory/73]",ปลดล็อกเซ็กซ์ทอย (sex toy) และหนังผู้ใหญ่,286,,,
287,"title: ""ควบคุมบุหรี่ไฟฟ้า"",","id: 287,",3484,"collections: [PolicyCategory/37,PolicyCategory/73]",ควบคุมบุหรี่ไฟฟ้า,287,,,
288,"title: ""คาสิโนถูกกฎหมาย รัฐกำกับดูแล"",","id: 288,",3495,"collections: [PolicyCategory/37,PolicyCategory/73]",คาสิโนถูกกฎหมาย รัฐกำกับดูแล,288,,,
289,"title: ""คาสิโนออนไลน์ถูกกฎหมาย รัฐกำกับดูแล"",","id: 289,",3506,"collections: [PolicyCategory/37,PolicyCategory/73]",คาสิโนออนไลน์ถูกกฎหมาย รัฐกำกับดูแล,289,,,
290,"title: ""ลดความซ้ำซ้อนในการลงทุนโครงสร้างพื้นฐานขนาดใหญ่"",","id: 290,",3517,"collections: [PolicyCategory/37,PolicyCategory/42]",ลดความซ้ำซ้อนในการลงทุนโครงสร้างพื้นฐานขนาดใหญ่,290,,,
291,"title: ""รถไฟทั่วถึง ทุกจังหวัดทั่วไทย"",","id: 291,",3528,"collections: [PolicyCategory/37,PolicyCategory/42]",รถไฟทั่วถึง ทุกจังหวัดทั่วไทย,291,,,
292,"title: ""ออกแบบระบบถนนหนทาง เพื่อลดรถติด-ลดอุบัติเหตุ"",","id: 292,",3539,"collections: [PolicyCategory/37,PolicyCategory/42]",ออกแบบระบบถนนหนทาง เพื่อลดรถติด-ลดอุบัติเหตุ,292,,,
293,"title: ""กระจายงบซ่อมถนนอย่างเป็นธรรม"",","id: 293,",3550,"collections: [PolicyCategory/37,PolicyCategory/42]",กระจายงบซ่อมถนนอย่างเป็นธรรม,293,,,
294,"title: ""กระจายอำนาจด้านการให้บริการระบบขนส่งสาธารณะ"",","id: 294,",3561,"collections: [PolicyCategory/37,PolicyOccupation/43,PolicyCategory/42]",กระจายอำนาจด้านการให้บริการระบบขนส่งสาธารณะ,294,,,
295,"title: ""ผนวกความต้องการด้านการขนส่งเข้ากับการพัฒนาอุตสาหกรรม"",","id: 295,",3573,"collections: [PolicyCategory/37,PolicyCategory/42]",ผนวกความต้องการด้านการขนส่งเข้ากับการพัฒนาอุตสาหกรรม,295,,,
296,"title: ""พัฒนาระบบตั๋วร่วม ใช้บัตรใบเดียว เดินทางได้ทุกระบบขนส่งสาธารณะทั่วไทย"",","id: 296,",3584,"collections: [PolicyCategory/37,PolicyCategory/42]",พัฒนาระบบตั๋วร่วม ใช้บัตรใบเดียว เดินทางได้ทุกระบบขนส่งสาธารณะทั่วไทย,296,,,
297,"title: ""รถเมล์และรถไฟฟ้า 8-45 บาทตลอดสาย ใช้บัตรใบเดียว ครอบคลุมทั้ง กทม."",","id: 297,",3595,"collections: [PolicyCategory/37,PolicyCategory/42,PolicyCategory/5,PolicyCategory/12,PolicyOccupation/50]",รถเมล์และรถไฟฟ้า 8-45 บาทตลอดสาย ใช้บัตรใบเดียว ครอบคลุมทั้ง กทม.,297,,,
298,"title: ""รถเมล์ไฟฟ้าทุกจังหวัด - เติมเงินให้ท้องถิ่น เพิ่มขนส่งสาธารณะ"",","id: 298,",3609,"collections: [PolicyCategory/37,PolicyCategory/42,PolicyCategory/5,PolicyCategory/12,PolicyOccupation/50,PolicyOccupation/43,PolicyTopList/76]",รถเมล์ไฟฟ้าทุกจังหวัด - เติมเงินให้ท้องถิ่น เพิ่มขนส่งสาธารณะ,298,,,
299,"title: ""ส่งเสริมอุตสาหกรรมรถเมล์-รถบรรทุกไฟฟ้า"",","id: 299,",3625,"collections: [PolicyCategory/37,PolicyCategory/74]",ส่งเสริมอุตสาหกรรมรถเมล์-รถบรรทุกไฟฟ้า,299,,,
300,"title: ""สร้างเศรษฐกิจสีเขียวครบวงจร"",","id: 300,",3636,"collections: [PolicyCategory/37,PolicyCategory/74]",สร้างเศรษฐกิจสีเขียวครบวงจร,300,,,
,"title: ""ประชาธิปไตยเต็มใบ"",","type: ""PolicyCategory"",",3649,,ประชาธิปไตยเต็มใบ,PolicyCategory,,,
,"title: ""สวัสดิการ “ทำงาน”"",","type: ""PolicyCategory"",",3649,,สวัสดิการ “ทำงาน”,PolicyCategory,,,
,"title: ""สวัสดิการ “สูงอายุ”"",","type: ""PolicyCategory"",",3649,,สวัสดิการ “สูงอายุ”,PolicyCategory,,,
,"title: ""สวัสดิการ “ทุกช่วงวัย”"",","type: ""PolicyCategory"",",3649,,สวัสดิการ “ทุกช่วงวัย”,PolicyCategory,,,
,"title: ""จังหวัดจัดการตนเอง"",","type: ""PolicyCategory"",",3649,,จังหวัดจัดการตนเอง,PolicyCategory,,,
,"title: ""เลือกตั้งผู้บริหารจังหวัด"",","type: ""PolicyCategory"",",3649,,เลือกตั้งผู้บริหารจังหวัด,PolicyCategory,,,
,"title: ""เพิ่มงบจังหวัดจัดการตนเอง"",","type: ""PolicyCategory"",",3649,,เพิ่มงบจังหวัดจัดการตนเอง,PolicyCategory,,,
,"title: ""ท้องถิ่นจัดทำบริการสาธารณะ"",","type: ""PolicyCategory"",",3649,,ท้องถิ่นจัดทำบริการสาธารณะ,PolicyCategory,,,
,"title: ""ท้องถิ่นโปร่งใส ตรวจสอบได้"",","type: ""PolicyCategory"",",3649,,ท้องถิ่นโปร่งใส ตรวจสอบได้,PolicyCategory,,,
,"title: ""ราชการเพื่อราษฎร"",","type: ""PolicyCategory"",",3649,,ราชการเพื่อราษฎร,PolicyCategory,,,
,"title: ""รัฐโปร่งใส ไร้กลโกง"",","type: ""PolicyCategory"",",3649,,รัฐโปร่งใส ไร้กลโกง,PolicyCategory,,,
,"title: ""ร่างรัฐธรรมนูญฉบับใหม่"",","type: ""PolicyCategory"",",3649,,ร่างรัฐธรรมนูญฉบับใหม่,PolicyCategory,,,
,"title: ""ราชการฉับไว คุ้มภาษีประชาชน"",","type: ""PolicyCategory"",",3649,,ราชการฉับไว คุ้มภาษีประชาชน,PolicyCategory,,,
,"title: ""ตำรวจพิทักษ์สันติราษฎร์"",","type: ""PolicyCategory"",",3649,,ตำรวจพิทักษ์สันติราษฎร์,PolicyCategory,,,
,"title: ""ปฏิวัติการศึกษา"",","type: ""PolicyCategory"",",3649,,ปฏิวัติการศึกษา,PolicyCategory,,,
,"title: ""การศึกษาที่ฟรีจริง"",","type: ""PolicyCategory"",",3649,,การศึกษาที่ฟรีจริง,PolicyCategory,,,
,"title: ""โรงเรียนปลอดภัย ไร้อำนาจนิยม"",","type: ""PolicyCategory"",",3649,,โรงเรียนปลอดภัย ไร้อำนาจนิยม,PolicyCategory,,,
,"title: ""การศึกษาเท่าทันโลก"",","type: ""PolicyCategory"",",3649,,การศึกษาเท่าทันโลก,PolicyCategory,,,
,"title: ""คืนครูให้ห้องเรียน"",","type: ""PolicyCategory"",",3649,,คืนครูให้ห้องเรียน,PolicyCategory,,,
,"title: ""การเรียนรู้ตลอดชีวิต"",","type: ""PolicyCategory"",",3649,,การเรียนรู้ตลอดชีวิต,PolicyCategory,,,
,"title: ""กระจายอำนาจทางการศึกษา"",","type: ""PolicyCategory"",",3649,,กระจายอำนาจทางการศึกษา,PolicyCategory,,,
,"title: ""ปฏิรูปกองทัพ"",","type: ""PolicyCategory"",",3649,,ปฏิรูปกองทัพ,PolicyCategory,,,
,"title: ""เกษตรก้าวหน้า"",","type: ""PolicyCategory"",",3649,,เกษตรก้าวหน้า,PolicyCategory,,,
,"title: ""ปฏิรูปที่ดินทั้งระบบ"",","type: ""PolicyCategory"",",3649,,ปฏิรูปที่ดินทั้งระบบ,PolicyCategory,,,
,"title: ""ปลดหนี้เกษตรกร"",","type: ""PolicyCategory"",",3649,,ปลดหนี้เกษตรกร,PolicyCategory,,,
,"title: ""ลดต้นทุนเกษตรกร"",","type: ""PolicyCategory"",",3649,,ลดต้นทุนเกษตรกร,PolicyCategory,,,
,"title: ""เพิ่มมูลค่าสินค้าเกษตร"",","type: ""PolicyCategory"",",3649,,เพิ่มมูลค่าสินค้าเกษตร,PolicyCategory,,,
,"title: ""เพิ่มรายได้ใหม่เกษตรกร"",","type: ""PolicyCategory"",",3649,,เพิ่มรายได้ใหม่เกษตรกร,PolicyCategory,,,
,"title: ""คืนชีวิตให้ชาวประมง"",","type: ""PolicyCategory"",",3649,,คืนชีวิตให้ชาวประมง,PolicyCategory,,,
,"title: ""เศรษฐกิจโตเพื่อทุกคน"",","type: ""PolicyCategory"",",3649,,เศรษฐกิจโตเพื่อทุกคน,PolicyCategory,,,
,"title: ""ลดค่าครองชีพ"",","type: ""PolicyCategory"",",3649,,ลดค่าครองชีพ,PolicyCategory,,,
,"title: ""แก้ปัญหาหนี้สิน"",","type: ""PolicyCategory"",",3649,,แก้ปัญหาหนี้สิน,PolicyCategory,,,
,"title: ""ส่งเสริม SME"",","type: ""PolicyCategory"",",3649,,ส่งเสริม SME,PolicyCategory,,,
,"title: ""เศรษฐกิจสร้างสรรค์"",","type: ""PolicyCategory"",",3649,,เศรษฐกิจสร้างสรรค์,PolicyCategory,,,
,"title: ""คมนาคมเพื่อทุกคน"",","type: ""PolicyCategory"",",3649,,คมนาคมเพื่อทุกคน,PolicyCategory,,,
,"title: ""สวัสดิการครบวงจร"",","type: ""PolicyCategory"",",3649,,สวัสดิการครบวงจร,PolicyCategory,,,
,"title: ""สิ่งแวดล้อมยั่งยืน"",","type: ""PolicyCategory"",",3649,,สิ่งแวดล้อมยั่งยืน,PolicyCategory,,,
,"title: ""จัดการต้นตอก๊าซเรือนกระจก"",","type: ""PolicyCategory"",",3649,,จัดการต้นตอก๊าซเรือนกระจก,PolicyCategory,,,
,"title: ""รับมือกับวิกฤตสภาพอากาศ"",","type: ""PolicyCategory"",",3649,,รับมือกับวิกฤตสภาพอากาศ,PolicyCategory,,,
,"title: ""ขยะเป็นศูนย์"",","type: ""PolicyCategory"",",3649,,ขยะเป็นศูนย์,PolicyCategory,,,
,"title: ""อากาศสะอาด"",","type: ""PolicyCategory"",",3649,,อากาศสะอาด,PolicyCategory,,,
,"title: ""ลดมลภาวะทางแสง"",","type: ""PolicyCategory"",",3649,,ลดมลภาวะทางแสง,PolicyCategory,,,
,"title: ""แก้ปัญหากัดเซาะชายฝั่ง"",","type: ""PolicyCategory"",",3649,,แก้ปัญหากัดเซาะชายฝั่ง,PolicyCategory,,,
,"title: ""แก้ปัญหาช้างป่า"",","type: ""PolicyCategory"",",3649,,แก้ปัญหาช้างป่า,PolicyCategory,,,
,"title: ""สวัสดิการ “เติบโต”"",","type: ""PolicyCategory"",",3649,,สวัสดิการ “เติบโต”,PolicyCategory,,,
,"title: ""ดูแลหมา-แมวถ้วนหน้า"",","type: ""PolicyCategory"",",3649,,ดูแลหมา-แมวถ้วนหน้า,PolicyCategory,,,
,"title: ""ประเมินผลกระทบทางสิ่งแวดล้อม"",","type: ""PolicyCategory"",",3649,,ประเมินผลกระทบทางสิ่งแวดล้อม,PolicyCategory,,,
,"title: ""สุขภาพดี ทั้งกาย-ใจ"",","type: ""PolicyCategory"",",3649,,สุขภาพดี ทั้งกาย-ใจ,PolicyCategory,,,
,"title: ""สุขภาพกายดี"",","type: ""PolicyCategory"",",3649,,สุขภาพกายดี,PolicyCategory,,,
,"title: ""สุขภาพใจดี"",","type: ""PolicyCategory"",",3649,,สุขภาพใจดี,PolicyCategory,,,
,"title: ""เพิ่มทางเลือก รักษาได้ใกล้บ้าน"",","type: ""PolicyCategory"",",3649,,เพิ่มทางเลือก รักษาได้ใกล้บ้าน,PolicyCategory,,,
,"title: ""เพิ่มขีดความสามารถโรงพยาบาล"",","type: ""PolicyCategory"",",3649,,เพิ่มขีดความสามารถโรงพยาบาล,PolicyCategory,,,
,"title: ""ฟื้นฟูผู้ป่วยนอกโรงพยาบาล"",","type: ""PolicyCategory"",",3649,,ฟื้นฟูผู้ป่วยนอกโรงพยาบาล,PolicyCategory,,,
,"title: ""ดูแลบุคลากรทางการแพทย์"",","type: ""PolicyCategory"",",3649,,ดูแลบุคลากรทางการแพทย์,PolicyCategory,,,
,"title: ""คุ้มครองสิทธิเสรีภาพ"",","type: ""PolicyCategory"",",3649,,คุ้มครองสิทธิเสรีภาพ,PolicyCategory,,,
,"title: ""สร้างงาน เพิ่มรายได้"",","type: ""PolicyCategory"",",3649,,สร้างงาน เพิ่มรายได้,PolicyCategory,,,
,"title: ""ทลายทุนผูกขาด"",","type: ""PolicyCategory"",",3649,,ทลายทุนผูกขาด,PolicyCategory,,,
,"title: ""ท่องเที่ยว"",","type: ""PolicyCategory"",",3649,,ท่องเที่ยว,PolicyCategory,,,
,"title: ""เศรษฐกิจโปร่งใส"",","type: ""PolicyCategory"",",3649,,เศรษฐกิจโปร่งใส,PolicyCategory,,,
,"title: ""ปักธงอุตสาหกรรมแห่งอนาคต"",","type: ""PolicyCategory"",",3649,,ปักธงอุตสาหกรรมแห่งอนาคต,PolicyCategory,,,
,"title: ""สร้างสังคม คนเท่ากัน"",","type: ""PolicyCategory"",",3649,,สร้างสังคม คนเท่ากัน,PolicyCategory,,,
,"title: ""สวัสดิการ “เกิด”"",","type: ""PolicyCategory"",",3649,,สวัสดิการ “เกิด”,PolicyCategory,,,
,"title: ""ครู"",","type: ""PolicyOccupation"",",4021,,ครู,PolicyOccupation,,,
,"title: ""ทหาร"",","type: ""PolicyOccupation"",",4021,,ทหาร,PolicyOccupation,,,
,"title: ""ท้องถิ่น"",","type: ""PolicyOccupation"",",4021,,ท้องถิ่น,PolicyOccupation,,,
,"title: ""แรงงาน"",","type: ""PolicyOccupation"",",4021,,แรงงาน,PolicyOccupation,,,
,"title: ""นักเรียน"",","type: ""PolicyOccupation"",",4021,,นักเรียน,PolicyOccupation,,,
,"title: ""ผู้ผลิตงานสร้างสรรค์"",","type: ""PolicyOccupation"",",4021,,ผู้ผลิตงานสร้างสรรค์,PolicyOccupation,,,
,"title: ""ตำรวจ"",","type: ""PolicyOccupation"",",4021,,ตำรวจ,PolicyOccupation,,,
,"title: ""เกษตรกร"",","type: ""PolicyOccupation"",",4021,,เกษตรกร,PolicyOccupation,,,
,"title: ""ประมง"",","type: ""PolicyOccupation"",",4021,,ประมง,PolicyOccupation,,,
,"title: ""ข้าราชการ"",","type: ""PolicyOccupation"",",4021,,ข้าราชการ,PolicyOccupation,,,
,"title: ""SME"",","type: ""PolicyOccupation"",",4021,,SME,PolicyOccupation,,,
,"title: ""บุคลากรทางการแพทย์"",","type: ""PolicyOccupation"",",4021,,บุคลากรทางการแพทย์,PolicyOccupation,,,
,"title: ""นโยบาย ไฮไลท์"",","type: ""PolicyTopList"",",4093,,นโยบาย ไฮไลท์,PolicyTopList,,,
,"title: ""นโยบาย 100 วันแรก"",","type: ""PolicyTopList"",",4093,,นโยบาย 100 วันแรก,PolicyTopList,,,
,"title: ""นโยบาย ผลักดันต่อ"",","type: ""PolicyTopList"",",4093,,นโยบาย ผลักดันต่อ,PolicyTopList,,,